Timestamp,Sunrise,Sunset,Cloud Coverage

2017-01-11 10:03:51,06:46,15:17,0%
2017-04-01 10:00:22,04:32,17:24,0%
2017-05-28 09:55:31,02:57,18:45,0%
2017-06-20 10:04:53,02:48,19:02,0%
2017-08-31 09:50:23,04:08,17:39,0%
2018-04-21 10:04:27,03:52,17:54,0%
2018-09-28 10:00:24,04:48,16:40,0%
2018-10-05 09:50:25,04:59,16:25,0%
2018-10-13 10:00:23,05:11,16:08,0%
2018-10-15 09:53:37,05:14,16:04,0%
2019-04-16 10:15:00,04:01,17:47,0%
2019-04-21 10:23:28,03:52,17:54,0%
2019-06-30 10:07:05,02:52,19:02,0%
2016-09-30 09:50:25,04:53,16:33,10%
2016-12-29 09:55:56,06:49,15:03,10%
2017-01-11 10:03:51,06:46,15:17,10%
2017-02-27 09:56:13,05:41,16:33,10%
2017-03-29 09:50:24,04:39,17:19,10%
2017-04-01 10:00:22,04:32,17:24,10%
2017-05-01 10:00:29,03:33,18:09,10%
2017-05-28 09:55:31,02:57,18:45,10%
2017-06-20 10:04:53,02:48,19:02,10%
2017-07-20 10:00:27,03:10,18:49,10%
2017-07-30 10:05:35,03:23,18:37,10%
2017-08-29 10:00:26,04:05,17:43,10%
2017-08-31 09:50:23,04:08,17:39,10%
2017-09-18 10:00:23,04:34,17:01,10%
2017-09-28 10:06:17,04:48,16:40,10%
2017-10-15 09:53:57,05:14,16:04,10%
2017-11-07 10:05:49,05:51,15:23,10%
2018-03-22 10:02:33,04:54,17:09,10%
2018-04-21 10:04:27,03:52,17:54,10%
2018-05-06 10:02:14,03:25,18:17,10%
2018-05-13 09:51:26,03:14,18:26,10%
2018-05-21 10:06:28,03:04,18:37,10%
2018-05-26 10:05:53,02:59,18:43,10%
2018-05-31 10:04:10,02:54,18:49,10%
2018-06-30 10:06:40,02:52,19:02,10%
2018-07-05 10:05:08,02:55,19:01,10%
2018-07-30 10:00:37,03:23,18:37,10%
2018-08-04 10:00:27,03:29,18:29,10%
2018-08-19 10:03:23,03:51,18:03,10%
2018-08-29 10:00:17,04:05,17:43,10%
2018-09-10 09:50:26,04:22,17:18,10%
2018-09-18 10:05:17,04:34,17:01,10%
2018-09-20 09:53:28,04:37,16:57,10%
2018-09-28 10:00:24,04:48,16:40,10%
2018-09-30 09:50:25,04:51,16:35,10%
2018-10-05 09:50:25,04:59,16:25,10%
2018-10-08 10:00:40,05:03,16:18,10%
2018-10-10 09:52:36,05:06,16:14,10%
2018-10-13 10:00:23,05:11,16:08,10%
2018-10-15 09:53:37,05:14,16:04,10%
2018-11-17 10:06:58,06:06,15:10,10%
2018-11-29 09:56:55,06:24,14:59,10%
2019-01-21 10:06:57,06:39,15:32,10%
2019-02-05 10:07:01,06:20,15:56,10%
2019-02-15 10:07:00,06:04,16:13,10%
2019-02-17 09:57:00,06:00,16:16,10%
2019-02-27 10:10:42,05:41,16:33,10%
2019-04-01 10:11:32,04:32,17:24,10%
2019-04-16 10:15:00,04:01,17:47,10%
2019-04-18 10:01:29,03:57,17:50,10%
2019-04-21 10:23:28,03:52,17:54,10%
2019-05-31 10:07:03,02:54,18:49,10%
2019-06-02 09:57:12,02:53,18:51,10%
2019-06-05 10:07:08,02:51,18:53,10%
2019-06-25 10:07:09,02:49,19:03,10%
2019-06-27 09:57:08,02:50,19:03,10%
2019-06-30 10:07:05,02:52,19:02,10%
2019-07-25 10:07:09,03:16,18:44,10%
2019-08-04 10:07:12,03:29,18:29,10%
2019-08-26 09:57:06,04:01,17:49,10%
2019-08-29 10:07:01,04:05,17:43,10%
2019-08-31 09:57:08,04:08,17:39,10%
2019-09-03 10:07:00,04:12,17:33,10%
2019-09-03 10:07:07,04:12,17:33,10%
2019-09-05 09:57:04,04:15,17:29,10%
2019-09-15 09:57:03,04:29,17:08,10%
2019-09-18 10:07:00,04:34,17:01,10%
2016-09-30 09:50:25,04:53,16:33,20%
2016-11-29 09:53:45,06:25,14:58,20%
2016-12-29 09:55:56,06:49,15:03,20%
2017-01-11 10:03:51,06:46,15:17,20%
2017-01-18 09:53:24,06:42,15:27,20%
2017-02-27 09:56:13,05:41,16:33,20%
2017-03-29 09:50:24,04:39,17:19,20%
2017-04-01 10:00:22,04:32,17:24,20%
2017-05-01 10:00:29,03:33,18:09,20%
2017-05-08 09:56:51,03:22,18:19,20%
2017-05-11 10:05:39,03:17,18:24,20%
2017-05-18 09:50:32,03:07,18:33,20%
2017-05-28 09:55:31,02:57,18:45,20%
2017-06-20 10:04:53,02:48,19:02,20%
2017-07-20 10:00:27,03:10,18:49,20%
2017-07-30 10:05:35,03:23,18:37,20%
2017-08-29 10:00:26,04:05,17:43,20%
2017-08-31 09:50:23,04:08,17:39,20%
2017-09-08 10:06:55,04:19,17:23,20%
2017-09-18 10:00:23,04:34,17:01,20%
2017-09-28 10:06:17,04:48,16:40,20%
2017-09-30 09:50:13,04:51,16:35,20%
2017-10-15 09:53:57,05:14,16:04,20%
2017-11-07 10:05:49,05:51,15:23,20%
2017-12-07 10:04:03,06:34,14:55,20%
2018-03-22 10:02:33,04:54,17:09,20%
2018-04-18 09:50:27,03:57,17:50,20%
2018-04-21 10:04:27,03:52,17:54,20%
2018-05-06 10:02:14,03:25,18:17,20%
2018-05-13 09:51:26,03:14,18:26,20%
2018-05-21 10:06:28,03:04,18:37,20%
2018-05-26 10:05:53,02:59,18:43,20%
2018-05-31 10:04:10,02:54,18:49,20%
2018-06-10 10:05:34,02:49,18:57,20%
2018-06-30 10:06:40,02:52,19:02,20%
2018-07-05 10:05:08,02:55,19:01,20%
2018-07-27 09:52:47,03:19,18:41,20%
2018-07-30 10:00:37,03:23,18:37,20%
2018-08-01 09:54:03,03:25,18:34,20%
2018-08-04 10:00:27,03:29,18:29,20%
2018-08-06 09:52:49,03:32,18:26,20%
2018-08-09 10:00:21,03:36,18:21,20%
2018-08-19 10:03:23,03:51,18:03,20%
2018-08-29 10:00:17,04:05,17:43,20%
2018-08-31 09:53:56,04:08,17:39,20%
2018-09-05 09:50:20,04:15,17:29,20%
2018-09-10 09:50:26,04:22,17:18,20%
2018-09-13 10:00:23,04:27,17:12,20%
2018-09-18 10:05:17,04:34,17:01,20%
2018-09-20 09:53:28,04:37,16:57,20%
2018-09-28 10:00:24,04:48,16:40,20%
2018-09-30 09:50:25,04:51,16:35,20%
2018-10-05 09:50:25,04:59,16:25,20%
2018-10-08 10:00:40,05:03,16:18,20%
2018-10-10 09:52:36,05:06,16:14,20%
2018-10-13 10:00:23,05:11,16:08,20%
2018-10-15 09:53:37,05:14,16:04,20%
2018-11-14 09:57:01,06:02,15:14,20%
2018-11-17 10:06:58,06:06,15:10,20%
2018-11-29 09:56:55,06:24,14:59,20%
2019-01-21 10:06:57,06:39,15:32,20%
2019-02-05 10:07:01,06:20,15:56,20%
2019-02-15 10:07:00,06:04,16:13,20%
2019-02-17 09:57:00,06:00,16:16,20%
2019-02-27 10:10:42,05:41,16:33,20%
2019-03-24 10:12:38,04:49,17:12,20%
2019-04-01 10:11:32,04:32,17:24,20%
2019-04-16 10:15:00,04:01,17:47,20%
2019-04-18 10:01:29,03:57,17:50,20%
2019-04-21 10:23:28,03:52,17:54,20%
2019-05-01 10:07:04,03:33,18:09,20%
2019-05-18 09:57:08,03:07,18:33,20%
2019-05-26 10:07:09,02:59,18:43,20%
2019-05-31 10:07:03,02:54,18:49,20%
2019-06-02 09:57:12,02:53,18:51,20%
2019-06-05 10:07:08,02:51,18:53,20%
2019-06-25 10:07:09,02:49,19:03,20%
2019-06-27 09:57:08,02:50,19:03,20%
2019-06-30 10:07:05,02:52,19:02,20%
2019-07-25 10:07:09,03:16,18:44,20%
2019-08-01 09:57:12,03:25,18:34,20%
2019-08-04 10:07:05,03:29,18:29,20%
2019-08-04 10:07:12,03:29,18:29,20%
2019-08-26 09:57:06,04:01,17:49,20%
2019-08-29 10:07:01,04:05,17:43,20%
2019-08-31 09:57:08,04:08,17:39,20%
2019-09-03 10:07:00,04:12,17:33,20%
2019-09-03 10:07:07,04:12,17:33,20%
2019-09-05 09:57:04,04:15,17:29,20%
2019-09-13 10:07:01,04:27,17:12,20%
2019-09-15 09:57:03,04:29,17:08,20%
2019-09-18 10:07:00,04:34,17:01,20%
2016-09-30 09:50:25,04:53,16:33,30%
2016-11-22 10:03:36,06:16,15:04,30%
2016-11-29 09:53:45,06:25,14:58,30%
2016-12-29 09:55:56,06:49,15:03,30%
2017-01-11 10:03:51,06:46,15:17,30%
2017-01-18 09:53:24,06:42,15:27,30%
2017-02-27 09:56:13,05:41,16:33,30%
2017-03-12 10:04:05,05:15,16:53,30%
2017-03-29 09:50:24,04:39,17:19,30%
2017-04-01 10:00:22,04:32,17:24,30%
2017-04-21 10:05:41,03:52,17:54,30%
2017-05-01 10:00:29,03:33,18:09,30%
2017-05-08 09:56:51,03:22,18:19,30%
2017-05-11 10:05:39,03:17,18:24,30%
2017-05-18 09:50:32,03:07,18:33,30%
2017-05-28 09:55:31,02:57,18:45,30%
2017-06-20 10:04:53,02:48,19:02,30%
2017-07-20 10:00:27,03:10,18:49,30%
2017-07-30 10:05:35,03:23,18:37,30%
2017-08-21 09:54:53,03:53,17:59,30%
2017-08-26 09:50:30,04:01,17:49,30%
2017-08-29 10:00:26,04:05,17:43,30%
2017-08-31 09:50:23,04:08,17:39,30%
2017-09-08 10:03:54,04:19,17:23,30%
2017-09-08 10:06:55,04:19,17:23,30%
2017-09-18 10:00:23,04:34,17:01,30%
2017-09-28 10:06:17,04:48,16:40,30%
2017-09-30 09:50:13,04:51,16:35,30%
2017-10-13 10:00:12,05:11,16:08,30%
2017-10-15 09:53:57,05:14,16:04,30%
2017-11-04 09:53:20,05:46,15:28,30%
2017-11-07 10:05:49,05:51,15:23,30%
2017-12-02 10:03:47,06:28,14:57,30%
2017-12-07 10:04:03,06:34,14:55,30%
2018-02-22 09:50:26,05:51,16:24,30%
2018-03-22 10:02:33,04:54,17:09,30%
2018-04-11 10:00:24,04:11,17:39,30%
2018-04-18 09:50:27,03:57,17:50,30%
2018-04-21 10:04:27,03:52,17:54,30%
2018-04-28 09:50:28,03:38,18:05,30%
2018-05-06 10:02:14,03:25,18:17,30%
2018-05-13 09:51:26,03:14,18:26,30%
2018-05-21 10:06:28,03:04,18:37,30%
2018-05-26 10:05:53,02:59,18:43,30%
2018-05-31 10:04:10,02:54,18:49,30%
2018-06-10 10:05:34,02:49,18:57,30%
2018-06-27 09:55:31,02:50,19:03,30%
2018-06-30 10:06:40,02:52,19:02,30%
2018-07-05 10:05:08,02:55,19:01,30%
2018-07-15 10:00:28,03:04,18:54,30%
2018-07-27 09:52:47,03:19,18:41,30%
2018-07-30 10:00:37,03:23,18:37,30%
2018-08-01 09:54:03,03:25,18:34,30%
2018-08-04 10:00:27,03:29,18:29,30%
2018-08-06 09:52:49,03:32,18:26,30%
2018-08-09 10:00:21,03:36,18:21,30%
2018-08-16 09:54:21,03:46,18:09,30%
2018-08-19 10:03:23,03:51,18:03,30%
2018-08-21 09:53:39,03:53,17:59,30%
2018-08-29 10:00:17,04:05,17:43,30%
2018-08-31 09:53:56,04:08,17:39,30%
2018-09-05 09:50:20,04:15,17:29,30%
2018-09-08 10:00:17,04:19,17:23,30%
2018-09-10 09:50:26,04:22,17:18,30%
2018-09-13 10:00:23,04:27,17:12,30%
2018-09-18 10:05:17,04:34,17:01,30%
2018-09-20 09:53:28,04:37,16:57,30%
2018-09-28 10:00:24,04:48,16:40,30%
2018-09-30 09:50:25,04:51,16:35,30%
2018-10-05 09:50:25,04:59,16:25,30%
2018-10-08 10:00:40,05:03,16:18,30%
2018-10-10 09:52:36,05:06,16:14,30%
2018-10-13 10:00:23,05:11,16:08,30%
2018-10-15 09:53:37,05:14,16:04,30%
2018-10-18 10:02:15,05:19,15:58,30%
2018-10-20 09:53:48,05:22,15:54,30%
2018-11-14 09:57:01,06:02,15:14,30%
2018-11-17 10:06:58,06:06,15:10,30%
2018-11-29 09:56:55,06:24,14:59,30%
2019-01-21 10:06:57,06:39,15:32,30%
2019-02-05 10:07:01,06:20,15:56,30%
2019-02-15 10:07:00,06:04,16:13,30%
2019-02-17 09:57:00,06:00,16:16,30%
2019-02-20 10:06:57,05:55,16:21,30%
2019-02-27 10:10:42,05:41,16:33,30%
2019-03-24 10:12:38,04:49,17:12,30%
2019-04-01 10:11:32,04:32,17:24,30%
2019-04-08 10:12:36,04:18,17:35,30%
2019-04-16 10:15:00,04:01,17:47,30%
2019-04-18 10:01:29,03:57,17:50,30%
2019-04-21 10:23:28,03:52,17:54,30%
2019-05-01 10:07:04,03:33,18:09,30%
2019-05-18 09:57:08,03:07,18:33,30%
2019-05-26 10:07:09,02:59,18:43,30%
2019-05-31 10:07:03,02:54,18:49,30%
2019-06-02 09:57:12,02:53,18:51,30%
2019-06-05 10:07:08,02:51,18:53,30%
2019-06-10 10:07:03,02:49,18:57,30%
2019-06-12 09:57:11,02:48,18:59,30%
2019-06-17 09:57:08,02:48,19:01,30%
2019-06-25 10:07:09,02:49,19:03,30%
2019-06-27 09:57:08,02:50,19:03,30%
2019-06-30 10:07:05,02:52,19:02,30%
2019-07-17 09:57:09,03:06,18:52,30%
2019-07-25 10:07:09,03:16,18:44,30%
2019-08-01 09:57:12,03:25,18:34,30%
2019-08-04 10:07:05,03:29,18:29,30%
2019-08-04 10:07:12,03:29,18:29,30%
2019-08-14 10:07:07,03:43,18:12,30%
2019-08-19 10:07:03,03:51,18:03,30%
2019-08-26 09:57:06,04:01,17:49,30%
2019-08-29 10:07:01,04:05,17:43,30%
2019-08-31 09:57:08,04:08,17:39,30%
2019-09-03 10:07:00,04:12,17:33,30%
2019-09-03 10:07:07,04:12,17:33,30%
2019-09-05 09:57:04,04:15,17:29,30%
2019-09-13 10:07:01,04:27,17:12,30%
2019-09-15 09:57:03,04:29,17:08,30%
2019-09-18 10:07:00,04:34,17:01,30%
2016-09-30 09:50:25,04:53,16:33,40%
2016-11-09 09:52:23,05:55,15:19,40%
2016-11-22 10:03:36,06:16,15:04,40%
2016-11-29 09:53:45,06:25,14:58,40%
2016-12-02 10:03:56,06:29,14:57,40%
2016-12-29 09:55:56,06:49,15:03,40%
2017-01-01 10:04:07,06:49,15:05,40%
2017-01-11 10:03:51,06:46,15:17,40%
2017-01-18 09:53:24,06:42,15:27,40%
2017-02-27 09:56:13,05:41,16:33,40%
2017-03-12 10:04:05,05:15,16:53,40%
2017-03-29 09:50:24,04:39,17:19,40%
2017-04-01 10:00:22,04:32,17:24,40%
2017-04-21 10:05:41,03:52,17:54,40%
2017-05-01 10:00:29,03:33,18:09,40%
2017-05-08 09:56:51,03:22,18:19,40%
2017-05-11 10:05:39,03:17,18:24,40%
2017-05-18 09:50:32,03:07,18:33,40%
2017-05-21 10:00:29,03:04,18:37,40%
2017-05-28 09:55:31,02:57,18:45,40%
2017-06-20 10:04:53,02:48,19:02,40%
2017-07-12 09:56:23,03:01,18:57,40%
2017-07-20 10:00:27,03:10,18:49,40%
2017-07-22 09:55:21,03:12,18:47,40%
2017-07-30 10:05:35,03:23,18:37,40%
2017-08-21 09:54:53,03:53,17:59,40%
2017-08-26 09:50:30,04:01,17:49,40%
2017-08-29 10:00:26,04:05,17:43,40%
2017-08-31 09:50:23,04:08,17:39,40%
2017-09-08 10:03:54,04:19,17:23,40%
2017-09-08 10:06:55,04:19,17:23,40%
2017-09-15 09:50:26,04:29,17:08,40%
2017-09-18 10:00:23,04:34,17:01,40%
2017-09-28 10:06:17,04:48,16:40,40%
2017-09-30 09:50:13,04:51,16:35,40%
2017-10-13 10:00:12,05:11,16:08,40%
2017-10-15 09:53:57,05:14,16:04,40%
2017-11-02 10:01:36,05:42,15:31,40%
2017-11-04 09:53:20,05:46,15:28,40%
2017-11-07 10:05:49,05:51,15:23,40%
2017-11-14 09:52:46,06:02,15:14,40%
2017-12-02 10:03:47,06:28,14:57,40%
2017-12-07 10:04:03,06:34,14:55,40%
2017-12-19 09:54:10,06:45,14:56,40%
2018-02-22 09:50:26,05:51,16:24,40%
2018-02-25 10:04:10,05:45,16:29,40%
2018-03-22 10:02:33,04:54,17:09,40%
2018-03-24 09:55:37,04:49,17:12,40%
2018-04-08 09:52:39,04:18,17:35,40%
2018-04-11 10:00:24,04:11,17:39,40%
2018-04-18 09:50:27,03:57,17:50,40%
2018-04-21 10:04:27,03:52,17:54,40%
2018-04-28 09:50:28,03:38,18:05,40%
2018-05-06 10:02:14,03:25,18:17,40%
2018-05-13 09:51:26,03:14,18:26,40%
2018-05-21 10:06:28,03:04,18:37,40%
2018-05-26 10:05:53,02:59,18:43,40%
2018-05-31 10:04:10,02:54,18:49,40%
2018-06-10 10:05:34,02:49,18:57,40%
2018-06-12 09:56:54,02:48,18:59,40%
2018-06-20 10:06:26,02:48,19:02,40%
2018-06-27 09:55:31,02:50,19:03,40%
2018-06-30 10:06:40,02:52,19:02,40%
2018-07-02 09:53:45,02:53,19:02,40%
2018-07-05 10:05:08,02:55,19:01,40%
2018-07-07 09:51:40,02:57,19:00,40%
2018-07-15 10:00:28,03:04,18:54,40%
2018-07-20 10:02:41,03:10,18:49,40%
2018-07-25 10:01:32,03:16,18:44,40%
2018-07-27 09:52:47,03:19,18:41,40%
2018-07-30 10:00:37,03:23,18:37,40%
2018-08-01 09:54:03,03:25,18:34,40%
2018-08-04 10:00:27,03:29,18:29,40%
2018-08-06 09:52:49,03:32,18:26,40%
2018-08-09 10:00:21,03:36,18:21,40%
2018-08-16 09:54:21,03:46,18:09,40%
2018-08-19 10:03:23,03:51,18:03,40%
2018-08-21 09:53:39,03:53,17:59,40%
2018-08-29 10:00:17,04:05,17:43,40%
2018-08-31 09:53:56,04:08,17:39,40%
2018-09-05 09:50:20,04:15,17:29,40%
2018-09-08 10:00:17,04:19,17:23,40%
2018-09-10 09:50:26,04:22,17:18,40%
2018-09-13 10:00:23,04:27,17:12,40%
2018-09-15 09:50:20,04:29,17:08,40%
2018-09-18 10:05:17,04:34,17:01,40%
2018-09-20 09:53:28,04:37,16:57,40%
2018-09-28 10:00:24,04:48,16:40,40%
2018-09-30 09:50:25,04:51,16:35,40%
2018-10-05 09:50:25,04:59,16:25,40%
2018-10-08 10:00:40,05:03,16:18,40%
2018-10-10 09:52:36,05:06,16:14,40%
2018-10-13 10:00:23,05:11,16:08,40%
2018-10-15 09:53:37,05:14,16:04,40%
2018-10-18 10:02:15,05:19,15:58,40%
2018-10-20 09:53:48,05:22,15:54,40%
2018-10-30 09:53:51,05:38,15:36,40%
2018-11-02 10:01:45,05:42,15:31,40%
2018-11-14 09:57:01,06:02,15:14,40%
2018-11-17 10:06:58,06:06,15:10,40%
2018-11-29 09:56:55,06:24,14:59,40%
2019-01-21 10:06:57,06:39,15:32,40%
2019-02-05 10:07:01,06:20,15:56,40%
2019-02-15 10:07:00,06:04,16:13,40%
2019-02-17 09:57:00,06:00,16:16,40%
2019-02-20 10:06:57,05:55,16:21,40%
2019-02-27 10:10:42,05:41,16:33,40%
2019-03-24 10:12:38,04:49,17:12,40%
2019-03-27 10:09:27,04:43,17:16,40%
2019-04-01 10:11:32,04:32,17:24,40%
2019-04-08 10:12:36,04:18,17:35,40%
2019-04-16 10:15:00,04:01,17:47,40%
2019-04-18 10:01:29,03:57,17:50,40%
2019-04-21 10:23:28,03:52,17:54,40%
2019-05-01 10:07:04,03:33,18:09,40%
2019-05-18 09:57:08,03:07,18:33,40%
2019-05-26 10:07:09,02:59,18:43,40%
2019-05-31 10:07:03,02:54,18:49,40%
2019-06-02 09:57:12,02:53,18:51,40%
2019-06-05 10:07:08,02:51,18:53,40%
2019-06-10 10:07:03,02:49,18:57,40%
2019-06-12 09:57:11,02:48,18:59,40%
2019-06-17 09:57:08,02:48,19:01,40%
2019-06-25 10:07:09,02:49,19:03,40%
2019-06-27 09:57:08,02:50,19:03,40%
2019-06-30 10:07:05,02:52,19:02,40%
2019-07-17 09:57:09,03:06,18:52,40%
2019-07-25 10:07:09,03:16,18:44,40%
2019-08-01 09:57:12,03:25,18:34,40%
2019-08-04 10:07:05,03:29,18:29,40%
2019-08-04 10:07:12,03:29,18:29,40%
2019-08-14 10:07:07,03:43,18:12,40%
2019-08-19 10:07:03,03:51,18:03,40%
2019-08-26 09:57:06,04:01,17:49,40%
2019-08-29 10:07:01,04:05,17:43,40%
2019-08-31 09:57:08,04:08,17:39,40%
2019-09-03 10:07:00,04:12,17:33,40%
2019-09-03 10:07:07,04:12,17:33,40%
2019-09-05 09:57:04,04:15,17:29,40%
2019-09-10 09:57:05,04:22,17:18,40%
2019-09-13 10:07:01,04:27,17:12,40%
2019-09-15 09:57:03,04:29,17:08,40%
2019-09-18 10:07:00,04:34,17:01,40%
2016-09-30 09:50:25,04:53,16:33,50%
2016-11-09 09:52:23,05:55,15:19,50%
2016-11-22 10:03:36,06:16,15:04,50%
2016-11-29 09:53:45,06:25,14:58,50%
2016-12-02 10:03:56,06:29,14:57,50%
2016-12-12 10:04:09,06:40,14:55,50%
2016-12-29 09:55:56,06:49,15:03,50%
2017-01-01 10:04:07,06:49,15:05,50%
2017-01-11 10:03:51,06:46,15:17,50%
2017-01-18 09:53:24,06:42,15:27,50%
2017-02-27 09:56:13,05:41,16:33,50%
2017-03-12 10:04:05,05:15,16:53,50%
2017-03-29 09:50:24,04:39,17:19,50%
2017-04-01 10:00:22,04:32,17:24,50%
2017-04-21 10:05:41,03:52,17:54,50%
2017-05-01 10:00:29,03:33,18:09,50%
2017-05-08 09:56:51,03:22,18:19,50%
2017-05-11 10:05:39,03:17,18:24,50%
2017-05-18 09:50:32,03:07,18:33,50%
2017-05-21 10:00:29,03:04,18:37,50%
2017-05-28 09:55:31,02:57,18:45,50%
2017-05-31 10:05:36,02:54,18:49,50%
2017-06-20 10:04:53,02:48,19:02,50%
2017-07-05 10:00:26,02:55,19:01,50%
2017-07-12 09:56:23,03:01,18:57,50%
2017-07-17 09:56:31,03:06,18:52,50%
2017-07-20 10:00:27,03:10,18:49,50%
2017-07-22 09:55:21,03:12,18:47,50%
2017-07-30 10:05:35,03:23,18:37,50%
2017-08-11 09:55:12,03:39,18:18,50%
2017-08-16 09:50:31,03:46,18:09,50%
2017-08-21 09:54:53,03:53,17:59,50%
2017-08-24 10:00:22,03:58,17:53,50%
2017-08-26 09:50:30,04:01,17:49,50%
2017-08-29 10:00:26,04:05,17:43,50%
2017-08-31 09:50:23,04:08,17:39,50%
2017-09-08 10:03:54,04:19,17:23,50%
2017-09-08 10:06:55,04:19,17:23,50%
2017-09-15 09:50:26,04:29,17:08,50%
2017-09-18 10:00:23,04:34,17:01,50%
2017-09-28 10:06:17,04:48,16:40,50%
2017-09-30 09:50:13,04:51,16:35,50%
2017-10-13 10:00:12,05:11,16:08,50%
2017-10-15 09:53:57,05:14,16:04,50%
2017-10-30 09:55:29,05:38,15:36,50%
2017-11-02 10:01:36,05:42,15:31,50%
2017-11-04 09:53:20,05:46,15:28,50%
2017-11-07 10:05:49,05:51,15:23,50%
2017-11-14 09:52:46,06:02,15:14,50%
2017-12-02 10:03:47,06:28,14:57,50%
2017-12-07 10:04:03,06:34,14:55,50%
2017-12-19 09:54:10,06:45,14:56,50%
2017-12-29 09:53:59,06:49,15:02,50%
2018-02-05 10:05:46,06:20,15:56,50%
2018-02-22 09:50:26,05:51,16:24,50%
2018-02-25 10:04:10,05:45,16:29,50%
2018-03-22 10:02:33,04:54,17:09,50%
2018-03-24 09:55:37,04:49,17:12,50%
2018-04-03 09:52:42,04:28,17:27,50%
2018-04-08 09:52:39,04:18,17:35,50%
2018-04-11 10:00:24,04:11,17:39,50%
2018-04-18 09:50:27,03:57,17:50,50%
2018-04-21 10:04:27,03:52,17:54,50%
2018-04-28 09:50:28,03:38,18:05,50%
2018-05-06 10:02:14,03:25,18:17,50%
2018-05-08 09:50:28,03:22,18:19,50%
2018-05-11 10:00:25,03:17,18:24,50%
2018-05-13 09:51:26,03:14,18:26,50%
2018-05-21 10:06:28,03:04,18:37,50%
2018-05-26 10:05:53,02:59,18:43,50%
2018-05-31 10:04:10,02:54,18:49,50%
2018-06-02 09:53:34,02:53,18:51,50%
2018-06-05 10:06:10,02:51,18:53,50%
2018-06-07 09:54:21,02:50,18:55,50%
2018-06-10 10:05:34,02:49,18:57,50%
2018-06-12 09:56:54,02:48,18:59,50%
2018-06-15 10:05:22,02:48,19:00,50%
2018-06-17 09:50:28,02:48,19:01,50%
2018-06-20 10:06:26,02:48,19:02,50%
2018-06-27 09:55:31,02:50,19:03,50%
2018-06-30 10:06:40,02:52,19:02,50%
2018-07-02 09:53:45,02:53,19:02,50%
2018-07-05 10:05:08,02:55,19:01,50%
2018-07-07 09:51:40,02:57,19:00,50%
2018-07-15 10:00:28,03:04,18:54,50%
2018-07-20 10:02:41,03:10,18:49,50%
2018-07-25 10:01:32,03:16,18:44,50%
2018-07-27 09:52:47,03:19,18:41,50%
2018-07-30 10:00:37,03:23,18:37,50%
2018-08-01 09:54:03,03:25,18:34,50%
2018-08-04 10:00:27,03:29,18:29,50%
2018-08-06 09:52:49,03:32,18:26,50%
2018-08-09 10:00:21,03:36,18:21,50%
2018-08-11 09:56:12,03:39,18:18,50%
2018-08-16 09:54:21,03:46,18:09,50%
2018-08-19 10:03:23,03:51,18:03,50%
2018-08-21 09:53:39,03:53,17:59,50%
2018-08-29 10:00:17,04:05,17:43,50%
2018-08-31 09:53:56,04:08,17:39,50%
2018-09-05 09:50:20,04:15,17:29,50%
2018-09-08 10:00:17,04:19,17:23,50%
2018-09-10 09:50:26,04:22,17:18,50%
2018-09-13 10:00:23,04:27,17:12,50%
2018-09-15 09:50:20,04:29,17:08,50%
2018-09-18 10:05:17,04:34,17:01,50%
2018-09-20 09:53:28,04:37,16:57,50%
2018-09-28 10:00:24,04:48,16:40,50%
2018-09-30 09:50:25,04:51,16:35,50%
2018-10-05 09:50:25,04:59,16:25,50%
2018-10-08 10:00:40,05:03,16:18,50%
2018-10-10 09:52:36,05:06,16:14,50%
2018-10-13 10:00:23,05:11,16:08,50%
2018-10-15 09:53:37,05:14,16:04,50%
2018-10-18 10:02:15,05:19,15:58,50%
2018-10-20 09:53:48,05:22,15:54,50%
2018-10-30 09:53:51,05:38,15:36,50%
2018-11-02 10:01:45,05:42,15:31,50%
2018-11-14 09:57:01,06:02,15:14,50%
2018-11-17 10:06:58,06:06,15:10,50%
2018-11-29 09:56:55,06:24,14:59,50%
2018-12-14 09:56:58,06:41,14:55,50%
2019-01-18 09:57:00,06:42,15:27,50%
2019-01-21 10:06:57,06:39,15:32,50%
2019-02-05 10:07:01,06:20,15:56,50%
2019-02-15 10:07:00,06:04,16:13,50%
2019-02-17 09:57:00,06:00,16:16,50%
2019-02-20 10:06:57,05:55,16:21,50%
2019-02-27 10:10:42,05:41,16:33,50%
2019-03-12 10:15:05,05:15,16:53,50%
2019-03-24 10:12:38,04:49,17:12,50%
2019-03-27 10:09:27,04:43,17:16,50%
2019-03-29 10:01:07,04:39,17:19,50%
2019-04-01 10:11:32,04:32,17:24,50%
2019-04-08 10:12:36,04:18,17:35,50%
2019-04-16 10:15:00,04:01,17:47,50%
2019-04-18 10:01:29,03:57,17:50,50%
2019-04-21 10:23:28,03:52,17:54,50%
2019-05-01 10:07:04,03:33,18:09,50%
2019-05-08 09:57:08,03:22,18:19,50%
2019-05-18 09:57:08,03:07,18:33,50%
2019-05-26 10:07:09,02:59,18:43,50%
2019-05-31 10:07:03,02:54,18:49,50%
2019-06-02 09:57:12,02:53,18:51,50%
2019-06-05 10:07:08,02:51,18:53,50%
2019-06-10 10:07:03,02:49,18:57,50%
2019-06-12 09:57:11,02:48,18:59,50%
2019-06-17 09:57:08,02:48,19:01,50%
2019-06-25 10:07:09,02:49,19:03,50%
2019-06-27 09:57:08,02:50,19:03,50%
2019-06-30 10:07:05,02:52,19:02,50%
2019-07-15 10:07:09,03:04,18:54,50%
2019-07-17 09:57:09,03:06,18:52,50%
2019-07-25 10:07:09,03:16,18:44,50%
2019-07-30 10:07:05,03:23,18:37,50%
2019-08-01 09:57:12,03:25,18:34,50%
2019-08-04 10:07:05,03:29,18:29,50%
2019-08-04 10:07:12,03:29,18:29,50%
2019-08-09 10:07:04,03:36,18:21,50%
2019-08-14 10:07:07,03:43,18:12,50%
2019-08-16 09:57:07,03:46,18:09,50%
2019-08-19 10:07:03,03:51,18:03,50%
2019-08-26 09:57:06,04:01,17:49,50%
2019-08-29 10:07:01,04:05,17:43,50%
2019-08-31 09:57:08,04:08,17:39,50%
2019-09-03 10:07:00,04:12,17:33,50%
2019-09-03 10:07:07,04:12,17:33,50%
2019-09-05 09:57:04,04:15,17:29,50%
2019-09-10 09:57:05,04:22,17:18,50%
2019-09-13 10:07:01,04:27,17:12,50%
2019-09-15 09:57:03,04:29,17:08,50%
2019-09-18 10:07:00,04:34,17:01,50%
2016-09-30 09:50:25,04:53,16:33,60%
2016-11-09 09:52:23,05:55,15:19,60%
2016-11-22 10:03:36,06:16,15:04,60%
2016-11-29 09:53:45,06:25,14:58,60%
2016-12-02 10:03:56,06:29,14:57,60%
2016-12-12 10:04:09,06:40,14:55,60%
2016-12-29 09:55:56,06:49,15:03,60%
2017-01-01 10:04:07,06:49,15:05,60%
2017-01-08 09:53:55,06:48,15:13,60%
2017-01-11 10:03:51,06:46,15:17,60%
2017-01-18 09:53:24,06:42,15:27,60%
2017-02-27 09:56:13,05:41,16:33,60%
2017-03-12 10:04:05,05:15,16:53,60%
2017-03-29 09:50:24,04:39,17:19,60%
2017-04-01 10:00:22,04:32,17:24,60%
2017-04-21 10:05:41,03:52,17:54,60%
2017-05-01 10:00:29,03:33,18:09,60%
2017-05-08 09:56:51,03:22,18:19,60%
2017-05-11 10:05:39,03:17,18:24,60%
2017-05-18 09:50:32,03:07,18:33,60%
2017-05-21 10:00:29,03:04,18:37,60%
2017-05-28 09:55:31,02:57,18:45,60%
2017-05-31 10:05:36,02:54,18:49,60%
2017-06-07 09:50:31,02:50,18:55,60%
2017-06-10 10:00:27,02:49,18:57,60%
2017-06-20 10:04:53,02:48,19:02,60%
2017-06-30 10:00:25,02:52,19:02,60%
2017-07-05 10:00:26,02:55,19:01,60%
2017-07-12 09:56:23,03:01,18:57,60%
2017-07-17 09:56:31,03:06,18:52,60%
2017-07-20 10:00:27,03:10,18:49,60%
2017-07-22 09:55:21,03:12,18:47,60%
2017-07-30 10:05:35,03:23,18:37,60%
2017-08-11 09:55:12,03:39,18:18,60%
2017-08-16 09:50:31,03:46,18:09,60%
2017-08-21 09:54:53,03:53,17:59,60%
2017-08-24 10:00:22,03:58,17:53,60%
2017-08-26 09:50:30,04:01,17:49,60%
2017-08-29 10:00:26,04:05,17:43,60%
2017-08-31 09:50:23,04:08,17:39,60%
2017-09-08 10:03:54,04:19,17:23,60%
2017-09-08 10:06:55,04:19,17:23,60%
2017-09-15 09:50:26,04:29,17:08,60%
2017-09-18 10:00:23,04:34,17:01,60%
2017-09-28 10:06:17,04:48,16:40,60%
2017-09-30 09:50:13,04:51,16:35,60%
2017-10-13 10:00:12,05:11,16:08,60%
2017-10-15 09:53:57,05:14,16:04,60%
2017-10-30 09:55:29,05:38,15:36,60%
2017-11-02 10:01:36,05:42,15:31,60%
2017-11-04 09:53:20,05:46,15:28,60%
2017-11-07 10:05:49,05:51,15:23,60%
2017-11-14 09:52:46,06:02,15:14,60%
2017-11-27 10:03:39,06:21,15:00,60%
2017-12-02 10:03:47,06:28,14:57,60%
2017-12-07 10:04:03,06:34,14:55,60%
2017-12-17 10:05:40,06:43,14:56,60%
2017-12-19 09:54:10,06:45,14:56,60%
2017-12-29 09:53:59,06:49,15:02,60%
2018-01-06 10:04:51,06:48,15:11,60%
2018-02-05 10:05:46,06:20,15:56,60%
2018-02-15 10:05:14,06:04,16:13,60%
2018-02-22 09:50:26,05:51,16:24,60%
2018-02-25 10:04:10,05:45,16:29,60%
2018-03-22 10:02:33,04:54,17:09,60%
2018-03-24 09:55:37,04:49,17:12,60%
2018-03-29 09:54:16,04:39,17:19,60%
2018-04-03 09:52:42,04:28,17:27,60%
2018-04-08 09:52:39,04:18,17:35,60%
2018-04-11 10:00:24,04:11,17:39,60%
2018-04-18 09:50:27,03:57,17:50,60%
2018-04-21 10:04:27,03:52,17:54,60%
2018-04-28 09:50:28,03:38,18:05,60%
2018-05-03 09:56:44,03:30,18:12,60%
2018-05-06 10:02:14,03:25,18:17,60%
2018-05-08 09:50:28,03:22,18:19,60%
2018-05-11 10:00:25,03:17,18:24,60%
2018-05-13 09:51:26,03:14,18:26,60%
2018-05-21 10:06:28,03:04,18:37,60%
2018-05-26 10:05:53,02:59,18:43,60%
2018-05-31 10:04:10,02:54,18:49,60%
2018-06-02 09:53:34,02:53,18:51,60%
2018-06-05 10:06:10,02:51,18:53,60%
2018-06-07 09:54:21,02:50,18:55,60%
2018-06-10 10:05:34,02:49,18:57,60%
2018-06-12 09:56:54,02:48,18:59,60%
2018-06-15 10:05:22,02:48,19:00,60%
2018-06-17 09:50:28,02:48,19:01,60%
2018-06-20 10:06:26,02:48,19:02,60%
2018-06-27 09:55:31,02:50,19:03,60%
2018-06-30 10:06:40,02:52,19:02,60%
2018-07-02 09:53:45,02:53,19:02,60%
2018-07-05 10:05:08,02:55,19:01,60%
2018-07-07 09:51:40,02:57,19:00,60%
2018-07-12 09:50:30,03:01,18:57,60%
2018-07-15 10:00:28,03:04,18:54,60%
2018-07-20 10:02:41,03:10,18:49,60%
2018-07-25 10:01:32,03:16,18:44,60%
2018-07-27 09:52:47,03:19,18:41,60%
2018-07-30 10:00:37,03:23,18:37,60%
2018-08-01 09:54:03,03:25,18:34,60%
2018-08-04 10:00:27,03:29,18:29,60%
2018-08-06 09:52:49,03:32,18:26,60%
2018-08-09 10:00:21,03:36,18:21,60%
2018-08-11 09:56:12,03:39,18:18,60%
2018-08-16 09:54:21,03:46,18:09,60%
2018-08-19 10:03:23,03:51,18:03,60%
2018-08-21 09:53:39,03:53,17:59,60%
2018-08-24 10:01:41,03:58,17:53,60%
2018-08-29 10:00:17,04:05,17:43,60%
2018-08-31 09:53:56,04:08,17:39,60%
2018-09-05 09:50:20,04:15,17:29,60%
2018-09-08 10:00:17,04:19,17:23,60%
2018-09-10 09:50:26,04:22,17:18,60%
2018-09-13 10:00:23,04:27,17:12,60%
2018-09-15 09:50:20,04:29,17:08,60%
2018-09-18 10:05:17,04:34,17:01,60%
2018-09-20 09:53:28,04:37,16:57,60%
2018-09-28 10:00:24,04:48,16:40,60%
2018-09-30 09:50:25,04:51,16:35,60%
2018-10-05 09:50:25,04:59,16:25,60%
2018-10-08 10:00:40,05:03,16:18,60%
2018-10-10 09:52:36,05:06,16:14,60%
2018-10-13 10:00:23,05:11,16:08,60%
2018-10-15 09:53:37,05:14,16:04,60%
2018-10-18 10:02:15,05:19,15:58,60%
2018-10-20 09:53:48,05:22,15:54,60%
2018-10-30 09:53:51,05:38,15:36,60%
2018-11-02 10:01:45,05:42,15:31,60%
2018-11-07 10:06:58,05:51,15:23,60%
2018-11-14 09:57:01,06:02,15:14,60%
2018-11-17 10:06:58,06:06,15:10,60%
2018-11-29 09:56:55,06:24,14:59,60%
2018-12-04 09:56:59,06:31,14:56,60%
2018-12-14 09:56:58,06:41,14:55,60%
2019-01-18 09:57:00,06:42,15:27,60%
2019-01-21 10:06:57,06:39,15:32,60%
2019-01-23 09:57:04,06:37,15:35,60%
2019-02-05 10:07:01,06:20,15:56,60%
2019-02-10 10:06:57,06:12,16:04,60%
2019-02-15 10:07:00,06:04,16:13,60%
2019-02-17 09:57:00,06:00,16:16,60%
2019-02-20 10:06:57,05:55,16:21,60%
2019-02-27 10:10:42,05:41,16:33,60%
2019-03-12 10:15:05,05:15,16:53,60%
2019-03-24 10:12:38,04:49,17:12,60%
2019-03-27 10:09:27,04:43,17:16,60%
2019-03-29 10:01:07,04:39,17:19,60%
2019-04-01 10:11:32,04:32,17:24,60%
2019-04-08 10:12:36,04:18,17:35,60%
2019-04-16 10:15:00,04:01,17:47,60%
2019-04-18 10:01:29,03:57,17:50,60%
2019-04-21 10:23:28,03:52,17:54,60%
2019-05-01 10:07:04,03:33,18:09,60%
2019-05-08 09:57:08,03:22,18:19,60%
2019-05-18 09:57:08,03:07,18:33,60%
2019-05-26 10:07:09,02:59,18:43,60%
2019-05-31 10:07:03,02:54,18:49,60%
2019-06-02 09:57:12,02:53,18:51,60%
2019-06-05 10:07:08,02:51,18:53,60%
2019-06-10 10:07:03,02:49,18:57,60%
2019-06-12 09:57:11,02:48,18:59,60%
2019-06-15 10:07:08,02:48,19:00,60%
2019-06-17 09:57:08,02:48,19:01,60%
2019-06-20 10:07:04,02:48,19:02,60%
2019-06-25 10:07:09,02:49,19:03,60%
2019-06-27 09:57:08,02:50,19:03,60%
2019-06-30 10:07:05,02:52,19:02,60%
2019-07-05 10:07:13,02:55,19:01,60%
2019-07-15 10:07:09,03:04,18:54,60%
2019-07-17 09:57:09,03:06,18:52,60%
2019-07-25 10:07:09,03:16,18:44,60%
2019-07-30 10:07:05,03:23,18:37,60%
2019-08-01 09:57:12,03:25,18:34,60%
2019-08-04 10:07:05,03:29,18:29,60%
2019-08-04 10:07:12,03:29,18:29,60%
2019-08-09 10:07:04,03:36,18:21,60%
2019-08-14 10:07:07,03:43,18:12,60%
2019-08-16 09:57:07,03:46,18:09,60%
2019-08-19 10:07:03,03:51,18:03,60%
2019-08-26 09:57:06,04:01,17:49,60%
2019-08-29 10:07:01,04:05,17:43,60%
2019-08-31 09:57:08,04:08,17:39,60%
2019-09-03 10:07:00,04:12,17:33,60%
2019-09-03 10:07:07,04:12,17:33,60%
2019-09-05 09:57:04,04:15,17:29,60%
2019-09-10 09:57:05,04:22,17:18,60%
2019-09-13 10:07:01,04:27,17:12,60%
2019-09-15 09:57:03,04:29,17:08,60%
2019-09-18 10:07:00,04:34,17:01,60%
2019-09-20 09:57:03,04:37,16:57,60%
2019-09-23 10:07:00,04:41,16:50,60%
2016-09-30 09:50:25,04:53,16:33,70%
2016-11-09 09:52:23,05:55,15:19,70%
2016-11-22 10:03:36,06:16,15:04,70%
2016-11-29 09:53:45,06:25,14:58,70%
2016-12-02 10:03:56,06:29,14:57,70%
2016-12-12 10:04:09,06:40,14:55,70%
2016-12-29 09:55:56,06:49,15:03,70%
2017-01-01 10:04:07,06:49,15:05,70%
2017-01-08 09:53:55,06:48,15:13,70%
2017-01-11 10:03:51,06:46,15:17,70%
2017-01-18 09:53:24,06:42,15:27,70%
2017-02-27 09:56:13,05:41,16:33,70%
2017-03-12 10:04:05,05:15,16:53,70%
2017-03-29 09:50:24,04:39,17:19,70%
2017-04-01 10:00:22,04:32,17:24,70%
2017-04-21 10:05:41,03:52,17:54,70%
2017-05-01 10:00:29,03:33,18:09,70%
2017-05-08 09:56:51,03:22,18:19,70%
2017-05-11 10:05:39,03:17,18:24,70%
2017-05-18 09:50:32,03:07,18:33,70%
2017-05-21 10:00:29,03:04,18:37,70%
2017-05-28 09:55:31,02:57,18:45,70%
2017-05-31 10:05:36,02:54,18:49,70%
2017-06-07 09:50:31,02:50,18:55,70%
2017-06-10 10:00:27,02:49,18:57,70%
2017-06-20 10:04:53,02:48,19:02,70%
2017-06-30 10:00:25,02:52,19:02,70%
2017-07-05 10:00:26,02:55,19:01,70%
2017-07-12 09:56:23,03:01,18:57,70%
2017-07-17 09:56:31,03:06,18:52,70%
2017-07-20 10:00:27,03:10,18:49,70%
2017-07-22 09:55:21,03:12,18:47,70%
2017-07-30 10:05:35,03:23,18:37,70%
2017-08-09 10:00:28,03:36,18:21,70%
2017-08-11 09:55:12,03:39,18:18,70%
2017-08-16 09:50:31,03:46,18:09,70%
2017-08-21 09:54:53,03:53,17:59,70%
2017-08-24 10:00:22,03:58,17:53,70%
2017-08-26 09:50:30,04:01,17:49,70%
2017-08-29 10:00:26,04:05,17:43,70%
2017-08-31 09:50:23,04:08,17:39,70%
2017-09-05 09:50:28,04:15,17:29,70%
2017-09-08 10:03:54,04:19,17:23,70%
2017-09-08 10:06:55,04:19,17:23,70%
2017-09-15 09:50:26,04:29,17:08,70%
2017-09-18 10:00:23,04:34,17:01,70%
2017-09-28 10:06:17,04:48,16:40,70%
2017-09-30 09:50:13,04:51,16:35,70%
2017-10-13 10:00:12,05:11,16:08,70%
2017-10-15 09:53:57,05:14,16:04,70%
2017-10-30 09:55:29,05:38,15:36,70%
2017-11-02 10:01:36,05:42,15:31,70%
2017-11-04 09:53:20,05:46,15:28,70%
2017-11-07 10:05:49,05:51,15:23,70%
2017-11-12 10:02:29,05:59,15:16,70%
2017-11-14 09:52:46,06:02,15:14,70%
2017-11-27 10:03:39,06:21,15:00,70%
2017-12-02 10:03:47,06:28,14:57,70%
2017-12-07 10:04:03,06:34,14:55,70%
2017-12-17 10:05:40,06:43,14:56,70%
2017-12-19 09:54:10,06:45,14:56,70%
2017-12-29 09:53:59,06:49,15:02,70%
2018-01-06 10:04:51,06:48,15:11,70%
2018-02-05 10:05:46,06:20,15:56,70%
2018-02-15 10:05:14,06:04,16:13,70%
2018-02-22 09:50:26,05:51,16:24,70%
2018-02-25 10:04:10,05:45,16:29,70%
2018-02-27 09:50:20,05:41,16:33,70%
2018-03-22 10:02:33,04:54,17:09,70%
2018-03-24 09:55:37,04:49,17:12,70%
2018-03-29 09:54:16,04:39,17:19,70%
2018-04-03 09:52:42,04:28,17:27,70%
2018-04-06 10:02:43,04:22,17:32,70%
2018-04-08 09:52:39,04:18,17:35,70%
2018-04-11 10:00:24,04:11,17:39,70%
2018-04-18 09:50:27,03:57,17:50,70%
2018-04-21 10:04:27,03:52,17:54,70%
2018-04-28 09:50:28,03:38,18:05,70%
2018-05-01 10:00:25,03:33,18:09,70%
2018-05-03 09:56:44,03:30,18:12,70%
2018-05-06 10:02:14,03:25,18:17,70%
2018-05-08 09:50:28,03:22,18:19,70%
2018-05-11 10:00:25,03:17,18:24,70%
2018-05-13 09:51:26,03:14,18:26,70%
2018-05-18 09:52:08,03:07,18:33,70%
2018-05-21 10:06:28,03:04,18:37,70%
2018-05-26 10:05:53,02:59,18:43,70%
2018-05-31 10:04:10,02:54,18:49,70%
2018-06-02 09:53:34,02:53,18:51,70%
2018-06-05 10:06:10,02:51,18:53,70%
2018-06-07 09:54:21,02:50,18:55,70%
2018-06-10 10:05:34,02:49,18:57,70%
2018-06-12 09:56:54,02:48,18:59,70%
2018-06-15 10:05:22,02:48,19:00,70%
2018-06-17 09:50:28,02:48,19:01,70%
2018-06-20 10:06:26,02:48,19:02,70%
2018-06-27 09:55:31,02:50,19:03,70%
2018-06-30 10:06:40,02:52,19:02,70%
2018-07-02 09:53:45,02:53,19:02,70%
2018-07-05 10:05:08,02:55,19:01,70%
2018-07-07 09:51:40,02:57,19:00,70%
2018-07-12 09:50:30,03:01,18:57,70%
2018-07-15 10:00:28,03:04,18:54,70%
2018-07-20 10:02:41,03:10,18:49,70%
2018-07-25 10:01:32,03:16,18:44,70%
2018-07-27 09:52:47,03:19,18:41,70%
2018-07-30 10:00:37,03:23,18:37,70%
2018-08-01 09:54:03,03:25,18:34,70%
2018-08-04 10:00:27,03:29,18:29,70%
2018-08-06 09:52:49,03:32,18:26,70%
2018-08-09 10:00:21,03:36,18:21,70%
2018-08-11 09:56:12,03:39,18:18,70%
2018-08-14 10:00:26,03:43,18:12,70%
2018-08-16 09:54:21,03:46,18:09,70%
2018-08-19 10:03:23,03:51,18:03,70%
2018-08-21 09:53:39,03:53,17:59,70%
2018-08-24 10:01:41,03:58,17:53,70%
2018-08-29 10:00:17,04:05,17:43,70%
2018-08-31 09:53:56,04:08,17:39,70%
2018-09-05 09:50:20,04:15,17:29,70%
2018-09-08 10:00:17,04:19,17:23,70%
2018-09-10 09:50:26,04:22,17:18,70%
2018-09-13 10:00:23,04:27,17:12,70%
2018-09-15 09:50:20,04:29,17:08,70%
2018-09-18 10:05:17,04:34,17:01,70%
2018-09-20 09:53:28,04:37,16:57,70%
2018-09-25 09:55:55,04:44,16:46,70%
2018-09-28 10:00:24,04:48,16:40,70%
2018-09-30 09:50:25,04:51,16:35,70%
2018-10-05 09:50:25,04:59,16:25,70%
2018-10-08 10:00:40,05:03,16:18,70%
2018-10-10 09:52:36,05:06,16:14,70%
2018-10-13 10:00:23,05:11,16:08,70%
2018-10-15 09:53:37,05:14,16:04,70%
2018-10-18 10:02:15,05:19,15:58,70%
2018-10-20 09:53:48,05:22,15:54,70%
2018-10-30 09:53:51,05:38,15:36,70%
2018-11-02 10:01:45,05:42,15:31,70%
2018-11-07 10:06:58,05:51,15:23,70%
2018-11-14 09:57:01,06:02,15:14,70%
2018-11-17 10:06:58,06:06,15:10,70%
2018-11-29 09:56:55,06:24,14:59,70%
2018-12-04 09:56:59,06:31,14:56,70%
2018-12-14 09:56:58,06:41,14:55,70%
2019-01-13 09:57:03,06:45,15:20,70%
2019-01-18 09:57:00,06:42,15:27,70%
2019-01-21 10:06:57,06:39,15:32,70%
2019-01-23 09:57:04,06:37,15:35,70%
2019-02-05 10:07:01,06:20,15:56,70%
2019-02-07 09:57:01,06:17,15:59,70%
2019-02-10 10:06:57,06:12,16:04,70%
2019-02-12 09:57:04,06:09,16:08,70%
2019-02-15 10:07:00,06:04,16:13,70%
2019-02-17 09:57:00,06:00,16:16,70%
2019-02-20 10:06:57,05:55,16:21,70%
2019-02-27 10:10:42,05:41,16:33,70%
2019-03-02 10:21:14,05:35,16:37,70%
2019-03-12 10:15:05,05:15,16:53,70%
2019-03-22 10:09:19,04:54,17:09,70%
2019-03-24 10:12:38,04:49,17:12,70%
2019-03-27 10:09:27,04:43,17:16,70%
2019-03-29 10:01:07,04:39,17:19,70%
2019-04-01 10:11:32,04:32,17:24,70%
2019-04-08 10:12:36,04:18,17:35,70%
2019-04-16 10:15:00,04:01,17:47,70%
2019-04-18 10:01:29,03:57,17:50,70%
2019-04-21 10:23:28,03:52,17:54,70%
2019-05-01 10:07:04,03:33,18:09,70%
2019-05-08 09:57:08,03:22,18:19,70%
2019-05-18 09:57:08,03:07,18:33,70%
2019-05-26 10:07:09,02:59,18:43,70%
2019-05-31 10:07:03,02:54,18:49,70%
2019-06-02 09:57:12,02:53,18:51,70%
2019-06-05 10:07:08,02:51,18:53,70%
2019-06-10 10:07:03,02:49,18:57,70%
2019-06-12 09:57:11,02:48,18:59,70%
2019-06-15 10:07:08,02:48,19:00,70%
2019-06-17 09:57:08,02:48,19:01,70%
2019-06-20 10:07:04,02:48,19:02,70%
2019-06-25 10:07:09,02:49,19:03,70%
2019-06-27 09:57:08,02:50,19:03,70%
2019-06-30 10:07:05,02:52,19:02,70%
2019-07-02 09:57:13,02:53,19:02,70%
2019-07-05 10:07:13,02:55,19:01,70%
2019-07-07 09:57:09,02:57,19:00,70%
2019-07-15 10:07:09,03:04,18:54,70%
2019-07-17 09:57:09,03:06,18:52,70%
2019-07-25 10:07:09,03:16,18:44,70%
2019-07-30 10:07:05,03:23,18:37,70%
2019-08-01 09:57:12,03:25,18:34,70%
2019-08-04 10:07:05,03:29,18:29,70%
2019-08-04 10:07:12,03:29,18:29,70%
2019-08-09 10:07:04,03:36,18:21,70%
2019-08-11 09:57:12,03:39,18:18,70%
2019-08-14 10:07:07,03:43,18:12,70%
2019-08-16 09:57:07,03:46,18:09,70%
2019-08-19 10:07:03,03:51,18:03,70%
2019-08-26 09:57:06,04:01,17:49,70%
2019-08-29 10:07:01,04:05,17:43,70%
2019-08-31 09:57:08,04:08,17:39,70%
2019-09-03 10:07:00,04:12,17:33,70%
2019-09-03 10:07:07,04:12,17:33,70%
2019-09-05 09:57:04,04:15,17:29,70%
2019-09-10 09:57:05,04:22,17:18,70%
2019-09-13 10:07:01,04:27,17:12,70%
2019-09-15 09:57:03,04:29,17:08,70%
2019-09-18 10:07:00,04:34,17:01,70%
2019-09-20 09:57:03,04:37,16:57,70%
2019-09-23 10:07:00,04:41,16:50,70%
2016-09-30 09:50:25,04:53,16:33,80%
2016-10-23 10:00:47,05:28,15:47,80%
2016-10-30 09:51:27,05:39,15:35,80%
2016-11-09 09:52:23,05:55,15:19,80%
2016-11-22 10:03:36,06:16,15:04,80%
2016-11-29 09:53:45,06:25,14:58,80%
2016-12-02 10:03:56,06:29,14:57,80%
2016-12-12 10:04:09,06:40,14:55,80%
2016-12-29 09:55:56,06:49,15:03,80%
2017-01-01 10:04:07,06:49,15:05,80%
2017-01-08 09:53:55,06:48,15:13,80%
2017-01-11 10:03:51,06:46,15:17,80%
2017-01-18 09:53:24,06:42,15:27,80%
2017-02-27 09:56:13,05:41,16:33,80%
2017-03-12 10:04:05,05:15,16:53,80%
2017-03-29 09:50:24,04:39,17:19,80%
2017-04-01 10:00:22,04:32,17:24,80%
2017-04-21 10:05:41,03:52,17:54,80%
2017-05-01 10:00:29,03:33,18:09,80%
2017-05-08 09:56:51,03:22,18:19,80%
2017-05-11 10:05:39,03:17,18:24,80%
2017-05-18 09:50:32,03:07,18:33,80%
2017-05-21 10:00:29,03:04,18:37,80%
2017-05-28 09:55:31,02:57,18:45,80%
2017-05-31 10:05:36,02:54,18:49,80%
2017-06-07 09:50:31,02:50,18:55,80%
2017-06-10 10:00:27,02:49,18:57,80%
2017-06-20 10:04:53,02:48,19:02,80%
2017-06-30 10:00:25,02:52,19:02,80%
2017-07-05 10:00:26,02:55,19:01,80%
2017-07-10 10:05:40,02:59,18:58,80%
2017-07-12 09:56:23,03:01,18:57,80%
2017-07-15 10:00:26,03:04,18:54,80%
2017-07-17 09:56:31,03:06,18:52,80%
2017-07-20 10:00:27,03:10,18:49,80%
2017-07-22 09:55:21,03:12,18:47,80%
2017-07-30 10:05:35,03:23,18:37,80%
2017-08-09 10:00:28,03:36,18:21,80%
2017-08-11 09:55:12,03:39,18:18,80%
2017-08-16 09:50:31,03:46,18:09,80%
2017-08-21 09:54:53,03:53,17:59,80%
2017-08-24 10:00:22,03:58,17:53,80%
2017-08-26 09:50:30,04:01,17:49,80%
2017-08-29 10:00:26,04:05,17:43,80%
2017-08-31 09:50:23,04:08,17:39,80%
2017-09-05 09:50:28,04:15,17:29,80%
2017-09-08 10:03:54,04:19,17:23,80%
2017-09-08 10:06:55,04:19,17:23,80%
2017-09-15 09:50:26,04:29,17:08,80%
2017-09-18 10:00:23,04:34,17:01,80%
2017-09-28 10:06:17,04:48,16:40,80%
2017-09-30 09:50:13,04:51,16:35,80%
2017-10-13 10:00:12,05:11,16:08,80%
2017-10-15 09:53:57,05:14,16:04,80%
2017-10-30 09:55:29,05:38,15:36,80%
2017-11-02 10:01:36,05:42,15:31,80%
2017-11-04 09:53:20,05:46,15:28,80%
2017-11-07 10:05:49,05:51,15:23,80%
2017-11-12 10:02:29,05:59,15:16,80%
2017-11-14 09:52:46,06:02,15:14,80%
2017-11-22 10:06:14,06:14,15:05,80%
2017-11-27 10:03:39,06:21,15:00,80%
2017-12-02 10:03:47,06:28,14:57,80%
2017-12-07 10:04:03,06:34,14:55,80%
2017-12-17 10:05:40,06:43,14:56,80%
2017-12-19 09:54:10,06:45,14:56,80%
2017-12-22 10:04:15,06:47,14:58,80%
2017-12-24 09:56:27,06:47,14:59,80%
2017-12-27 10:04:10,06:48,15:01,80%
2017-12-29 09:53:59,06:49,15:02,80%
2018-01-06 10:04:51,06:48,15:11,80%
2018-02-05 10:05:46,06:20,15:56,80%
2018-02-15 10:05:14,06:04,16:13,80%
2018-02-22 09:50:26,05:51,16:24,80%
2018-02-25 10:04:10,05:45,16:29,80%
2018-02-27 09:50:20,05:41,16:33,80%
2018-03-22 10:02:33,04:54,17:09,80%
2018-03-24 09:55:37,04:49,17:12,80%
2018-03-29 09:54:16,04:39,17:19,80%
2018-04-03 09:52:42,04:28,17:27,80%
2018-04-06 10:02:43,04:22,17:32,80%
2018-04-08 09:52:39,04:18,17:35,80%
2018-04-11 10:00:24,04:11,17:39,80%
2018-04-18 09:50:27,03:57,17:50,80%
2018-04-21 10:04:27,03:52,17:54,80%
2018-04-28 09:50:28,03:38,18:05,80%
2018-05-01 10:00:25,03:33,18:09,80%
2018-05-03 09:56:44,03:30,18:12,80%
2018-05-06 10:02:14,03:25,18:17,80%
2018-05-08 09:50:28,03:22,18:19,80%
2018-05-11 10:00:25,03:17,18:24,80%
2018-05-13 09:51:26,03:14,18:26,80%
2018-05-18 09:52:08,03:07,18:33,80%
2018-05-21 10:06:28,03:04,18:37,80%
2018-05-26 10:05:53,02:59,18:43,80%
2018-05-31 10:04:10,02:54,18:49,80%
2018-06-02 09:53:34,02:53,18:51,80%
2018-06-05 10:06:10,02:51,18:53,80%
2018-06-07 09:54:21,02:50,18:55,80%
2018-06-10 10:05:34,02:49,18:57,80%
2018-06-12 09:56:54,02:48,18:59,80%
2018-06-15 10:05:22,02:48,19:00,80%
2018-06-17 09:50:28,02:48,19:01,80%
2018-06-20 10:06:26,02:48,19:02,80%
2018-06-27 09:55:31,02:50,19:03,80%
2018-06-30 10:06:40,02:52,19:02,80%
2018-07-02 09:53:45,02:53,19:02,80%
2018-07-05 10:05:08,02:55,19:01,80%
2018-07-07 09:51:40,02:57,19:00,80%
2018-07-12 09:50:30,03:01,18:57,80%
2018-07-15 10:00:28,03:04,18:54,80%
2018-07-17 09:54:03,03:06,18:52,80%
2018-07-20 10:02:41,03:10,18:49,80%
2018-07-25 10:01:32,03:16,18:44,80%
2018-07-27 09:52:47,03:19,18:41,80%
2018-07-30 10:00:37,03:23,18:37,80%
2018-08-01 09:54:03,03:25,18:34,80%
2018-08-04 10:00:27,03:29,18:29,80%
2018-08-06 09:52:49,03:32,18:26,80%
2018-08-09 10:00:21,03:36,18:21,80%
2018-08-11 09:56:12,03:39,18:18,80%
2018-08-14 10:00:26,03:43,18:12,80%
2018-08-16 09:54:21,03:46,18:09,80%
2018-08-19 10:03:23,03:51,18:03,80%
2018-08-21 09:53:39,03:53,17:59,80%
2018-08-24 10:01:41,03:58,17:53,80%
2018-08-29 10:00:17,04:05,17:43,80%
2018-08-31 09:53:56,04:08,17:39,80%
2018-09-05 09:50:20,04:15,17:29,80%
2018-09-08 10:00:17,04:19,17:23,80%
2018-09-10 09:50:26,04:22,17:18,80%
2018-09-13 10:00:23,04:27,17:12,80%
2018-09-15 09:50:20,04:29,17:08,80%
2018-09-18 10:05:17,04:34,17:01,80%
2018-09-20 09:53:28,04:37,16:57,80%
2018-09-25 09:55:55,04:44,16:46,80%
2018-09-28 10:00:24,04:48,16:40,80%
2018-09-30 09:50:25,04:51,16:35,80%
2018-10-03 10:00:23,04:56,16:29,80%
2018-10-05 09:50:25,04:59,16:25,80%
2018-10-08 10:00:40,05:03,16:18,80%
2018-10-10 09:52:36,05:06,16:14,80%
2018-10-13 10:00:23,05:11,16:08,80%
2018-10-15 09:53:37,05:14,16:04,80%
2018-10-18 10:02:15,05:19,15:58,80%
2018-10-20 09:53:48,05:22,15:54,80%
2018-10-25 09:55:14,05:30,15:45,80%
2018-10-30 09:53:51,05:38,15:36,80%
2018-11-02 10:01:45,05:42,15:31,80%
2018-11-04 09:52:33,05:46,15:28,80%
2018-11-07 10:06:58,05:51,15:23,80%
2018-11-12 10:06:55,05:59,15:16,80%
2018-11-14 09:57:01,06:02,15:14,80%
2018-11-17 10:06:58,06:06,15:10,80%
2018-11-19 09:56:57,06:10,15:08,80%
2018-11-29 09:56:55,06:24,14:59,80%
2018-12-04 09:56:59,06:31,14:56,80%
2018-12-09 09:56:56,06:36,14:55,80%
2018-12-14 09:56:58,06:41,14:55,80%
2019-01-06 10:06:59,06:48,15:11,80%
2019-01-11 10:06:56,06:46,15:17,80%
2019-01-13 09:57:03,06:45,15:20,80%
2019-01-18 09:57:00,06:42,15:27,80%
2019-01-21 10:06:57,06:39,15:32,80%
2019-01-23 09:57:04,06:37,15:35,80%
2019-02-05 10:07:01,06:20,15:56,80%
2019-02-07 09:57:01,06:17,15:59,80%
2019-02-10 10:06:57,06:12,16:04,80%
2019-02-12 09:57:04,06:09,16:08,80%
2019-02-15 10:07:00,06:04,16:13,80%
2019-02-17 09:57:00,06:00,16:16,80%
2019-02-20 10:06:57,05:55,16:21,80%
2019-02-27 10:10:42,05:41,16:33,80%
2019-03-02 10:21:14,05:35,16:37,80%
2019-03-12 10:15:05,05:15,16:53,80%
2019-03-14 10:12:37,05:11,16:56,80%
2019-03-19 09:58:38,05:00,17:04,80%
2019-03-22 10:09:19,04:54,17:09,80%
2019-03-24 10:12:38,04:49,17:12,80%
2019-03-27 10:09:27,04:43,17:16,80%
2019-03-29 10:01:07,04:39,17:19,80%
2019-04-01 10:11:32,04:32,17:24,80%
2019-04-03 10:04:09,04:28,17:27,80%
2019-04-08 10:12:36,04:18,17:35,80%
2019-04-11 10:08:18,04:11,17:39,80%
2019-04-16 10:15:00,04:01,17:47,80%
2019-04-18 10:01:29,03:57,17:50,80%
2019-04-21 10:23:28,03:52,17:54,80%
2019-05-01 10:07:04,03:33,18:09,80%
2019-05-08 09:57:08,03:22,18:19,80%
2019-05-11 10:07:04,03:17,18:24,80%
2019-05-18 09:57:08,03:07,18:33,80%
2019-05-26 10:07:09,02:59,18:43,80%
2019-05-31 10:07:03,02:54,18:49,80%
2019-06-02 09:57:12,02:53,18:51,80%
2019-06-05 10:07:08,02:51,18:53,80%
2019-06-10 10:07:03,02:49,18:57,80%
2019-06-12 09:57:11,02:48,18:59,80%
2019-06-15 10:07:08,02:48,19:00,80%
2019-06-17 09:57:08,02:48,19:01,80%
2019-06-20 10:07:04,02:48,19:02,80%
2019-06-25 10:07:09,02:49,19:03,80%
2019-06-27 09:57:08,02:50,19:03,80%
2019-06-30 10:07:05,02:52,19:02,80%
2019-07-02 09:57:13,02:53,19:02,80%
2019-07-05 10:07:13,02:55,19:01,80%
2019-07-07 09:57:09,02:57,19:00,80%
2019-07-15 10:07:09,03:04,18:54,80%
2019-07-17 09:57:09,03:06,18:52,80%
2019-07-25 10:07:09,03:16,18:44,80%
2019-07-30 10:07:05,03:23,18:37,80%
2019-08-01 09:57:12,03:25,18:34,80%
2019-08-04 10:07:05,03:29,18:29,80%
2019-08-04 10:07:12,03:29,18:29,80%
2019-08-09 10:07:04,03:36,18:21,80%
2019-08-11 09:57:12,03:39,18:18,80%
2019-08-14 10:07:07,03:43,18:12,80%
2019-08-16 09:57:07,03:46,18:09,80%
2019-08-19 10:07:03,03:51,18:03,80%
2019-08-24 10:07:05,03:58,17:53,80%
2019-08-26 09:57:06,04:01,17:49,80%
2019-08-29 10:07:01,04:05,17:43,80%
2019-08-31 09:57:08,04:08,17:39,80%
2019-09-03 10:07:00,04:12,17:33,80%
2019-09-03 10:07:07,04:12,17:33,80%
2019-09-05 09:57:04,04:15,17:29,80%
2019-09-10 09:57:05,04:22,17:18,80%
2019-09-13 10:07:01,04:27,17:12,80%
2019-09-15 09:57:03,04:29,17:08,80%
2019-09-18 10:07:00,04:34,17:01,80%
2019-09-20 09:57:03,04:37,16:57,80%
2019-09-23 10:07:00,04:41,16:50,80%
2016-09-30 09:50:25,04:53,16:33,90%
2016-10-23 10:00:47,05:28,15:47,90%
2016-10-30 09:51:27,05:39,15:35,90%
2016-11-09 09:52:23,05:55,15:19,90%
2016-11-22 10:03:36,06:16,15:04,90%
2016-11-29 09:53:45,06:25,14:58,90%
2016-12-02 10:03:56,06:29,14:57,90%
2016-12-12 10:04:09,06:40,14:55,90%
2016-12-29 09:55:56,06:49,15:03,90%
2017-01-01 10:04:07,06:49,15:05,90%
2017-01-08 09:53:55,06:48,15:13,90%
2017-01-11 10:03:51,06:46,15:17,90%
2017-01-18 09:53:24,06:42,15:27,90%
2017-01-28 09:55:57,06:31,15:43,90%
2017-02-27 09:56:13,05:41,16:33,90%
2017-03-12 10:04:05,05:15,16:53,90%
2017-03-29 09:50:24,04:39,17:19,90%
2017-04-01 10:00:22,04:32,17:24,90%
2017-04-18 09:50:30,03:57,17:50,90%
2017-04-21 10:05:41,03:52,17:54,90%
2017-05-01 10:00:29,03:33,18:09,90%
2017-05-08 09:56:51,03:22,18:19,90%
2017-05-11 10:05:39,03:17,18:24,90%
2017-05-18 09:50:32,03:07,18:33,90%
2017-05-21 10:00:29,03:04,18:37,90%
2017-05-28 09:55:31,02:57,18:45,90%
2017-05-31 10:05:36,02:54,18:49,90%
2017-06-07 09:50:31,02:50,18:55,90%
2017-06-10 10:00:27,02:49,18:57,90%
2017-06-20 10:04:53,02:48,19:02,90%
2017-06-30 10:00:25,02:52,19:02,90%
2017-07-05 10:00:26,02:55,19:01,90%
2017-07-07 09:52:57,02:57,19:00,90%
2017-07-10 10:05:40,02:59,18:58,90%
2017-07-12 09:56:23,03:01,18:57,90%
2017-07-15 10:00:26,03:04,18:54,90%
2017-07-17 09:56:31,03:06,18:52,90%
2017-07-20 10:00:27,03:10,18:49,90%
2017-07-22 09:55:21,03:12,18:47,90%
2017-07-25 10:05:36,03:16,18:44,90%
2017-07-30 10:05:35,03:23,18:37,90%
2017-08-09 10:00:28,03:36,18:21,90%
2017-08-11 09:55:12,03:39,18:18,90%
2017-08-16 09:50:31,03:46,18:09,90%
2017-08-21 09:54:53,03:53,17:59,90%
2017-08-24 10:00:22,03:58,17:53,90%
2017-08-26 09:50:30,04:01,17:49,90%
2017-08-29 10:00:26,04:05,17:43,90%
2017-08-31 09:50:23,04:08,17:39,90%
2017-09-05 09:50:28,04:15,17:29,90%
2017-09-08 10:03:54,04:19,17:23,90%
2017-09-08 10:06:55,04:19,17:23,90%
2017-09-10 09:50:21,04:22,17:18,90%
2017-09-15 09:50:26,04:29,17:08,90%
2017-09-18 10:00:23,04:34,17:01,90%
2017-09-28 10:06:17,04:48,16:40,90%
2017-09-30 09:50:13,04:51,16:35,90%
2017-10-13 10:00:12,05:11,16:08,90%
2017-10-15 09:53:57,05:14,16:04,90%
2017-10-20 09:52:04,05:22,15:54,90%
2017-10-30 09:55:29,05:38,15:36,90%
2017-11-02 10:01:36,05:42,15:31,90%
2017-11-04 09:53:20,05:46,15:28,90%
2017-11-07 10:05:49,05:51,15:23,90%
2017-11-12 10:02:29,05:59,15:16,90%
2017-11-14 09:52:46,06:02,15:14,90%
2017-11-22 10:06:14,06:14,15:05,90%
2017-11-27 10:03:39,06:21,15:00,90%
2017-12-02 10:03:47,06:28,14:57,90%
2017-12-07 10:04:03,06:34,14:55,90%
2017-12-09 09:53:53,06:36,14:55,90%
2017-12-14 09:54:04,06:41,14:55,90%
2017-12-17 10:05:40,06:43,14:56,90%
2017-12-19 09:54:10,06:45,14:56,90%
2017-12-22 10:04:15,06:47,14:58,90%
2017-12-24 09:56:27,06:47,14:59,90%
2017-12-27 10:04:10,06:48,15:01,90%
2017-12-29 09:53:59,06:49,15:02,90%
2018-01-06 10:04:51,06:48,15:11,90%
2018-02-05 10:05:46,06:20,15:56,90%
2018-02-15 10:05:14,06:04,16:13,90%
2018-02-22 09:50:26,05:51,16:24,90%
2018-02-25 10:04:10,05:45,16:29,90%
2018-02-27 09:50:20,05:41,16:33,90%
2018-03-04 09:56:30,05:31,16:41,90%
2018-03-09 09:50:20,05:21,16:49,90%
2018-03-22 10:02:33,04:54,17:09,90%
2018-03-24 09:55:37,04:49,17:12,90%
2018-03-29 09:54:16,04:39,17:19,90%
2018-04-03 09:52:42,04:28,17:27,90%
2018-04-06 10:02:43,04:22,17:32,90%
2018-04-08 09:52:39,04:18,17:35,90%
2018-04-11 10:00:24,04:11,17:39,90%
2018-04-13 09:56:34,04:07,17:42,90%
2018-04-18 09:50:27,03:57,17:50,90%
2018-04-21 10:04:27,03:52,17:54,90%
2018-04-28 09:50:28,03:38,18:05,90%
2018-05-01 10:00:25,03:33,18:09,90%
2018-05-03 09:56:44,03:30,18:12,90%
2018-05-06 10:02:14,03:25,18:17,90%
2018-05-08 09:50:28,03:22,18:19,90%
2018-05-11 10:00:25,03:17,18:24,90%
2018-05-13 09:51:26,03:14,18:26,90%
2018-05-16 10:00:29,03:10,18:31,90%
2018-05-18 09:52:08,03:07,18:33,90%
2018-05-21 10:06:28,03:04,18:37,90%
2018-05-23 09:55:27,03:02,18:40,90%
2018-05-26 10:05:53,02:59,18:43,90%
2018-05-31 10:04:10,02:54,18:49,90%
2018-06-02 09:53:34,02:53,18:51,90%
2018-06-05 10:06:10,02:51,18:53,90%
2018-06-07 09:54:21,02:50,18:55,90%
2018-06-10 10:05:34,02:49,18:57,90%
2018-06-12 09:56:54,02:48,18:59,90%
2018-06-15 10:05:22,02:48,19:00,90%
2018-06-17 09:50:28,02:48,19:01,90%
2018-06-20 10:06:26,02:48,19:02,90%
2018-06-27 09:55:31,02:50,19:03,90%
2018-06-30 10:06:40,02:52,19:02,90%
2018-07-02 09:53:45,02:53,19:02,90%
2018-07-05 10:05:08,02:55,19:01,90%
2018-07-07 09:51:40,02:57,19:00,90%
2018-07-12 09:50:30,03:01,18:57,90%
2018-07-15 10:00:28,03:04,18:54,90%
2018-07-17 09:54:03,03:06,18:52,90%
2018-07-20 10:02:41,03:10,18:49,90%
2018-07-25 10:01:32,03:16,18:44,90%
2018-07-27 09:52:47,03:19,18:41,90%
2018-07-30 10:00:37,03:23,18:37,90%
2018-08-01 09:54:03,03:25,18:34,90%
2018-08-04 10:00:27,03:29,18:29,90%
2018-08-06 09:52:49,03:32,18:26,90%
2018-08-09 10:00:21,03:36,18:21,90%
2018-08-11 09:56:12,03:39,18:18,90%
2018-08-14 10:00:26,03:43,18:12,90%
2018-08-16 09:54:21,03:46,18:09,90%
2018-08-19 10:03:23,03:51,18:03,90%
2018-08-21 09:53:39,03:53,17:59,90%
2018-08-24 10:01:41,03:58,17:53,90%
2018-08-29 10:00:17,04:05,17:43,90%
2018-08-31 09:53:56,04:08,17:39,90%
2018-09-05 09:50:20,04:15,17:29,90%
2018-09-08 10:00:17,04:19,17:23,90%
2018-09-10 09:50:26,04:22,17:18,90%
2018-09-13 10:00:23,04:27,17:12,90%
2018-09-15 09:50:20,04:29,17:08,90%
2018-09-18 10:05:17,04:34,17:01,90%
2018-09-20 09:53:28,04:37,16:57,90%
2018-09-25 09:55:55,04:44,16:46,90%
2018-09-28 10:00:24,04:48,16:40,90%
2018-09-30 09:50:25,04:51,16:35,90%
2018-10-03 10:00:23,04:56,16:29,90%
2018-10-05 09:50:25,04:59,16:25,90%
2018-10-08 10:00:40,05:03,16:18,90%
2018-10-10 09:52:36,05:06,16:14,90%
2018-10-13 10:00:23,05:11,16:08,90%
2018-10-15 09:53:37,05:14,16:04,90%
2018-10-18 10:02:15,05:19,15:58,90%
2018-10-20 09:53:48,05:22,15:54,90%
2018-10-25 09:55:14,05:30,15:45,90%
2018-10-28 10:01:17,05:34,15:40,90%
2018-10-30 09:53:51,05:38,15:36,90%
2018-11-02 10:01:45,05:42,15:31,90%
2018-11-04 09:52:33,05:46,15:28,90%
2018-11-07 10:06:58,05:51,15:23,90%
2018-11-09 09:56:59,05:54,15:20,90%
2018-11-12 10:06:55,05:59,15:16,90%
2018-11-14 09:57:01,06:02,15:14,90%
2018-11-17 10:06:58,06:06,15:10,90%
2018-11-19 09:56:57,06:10,15:08,90%
2018-11-29 09:56:55,06:24,14:59,90%
2018-12-04 09:56:59,06:31,14:56,90%
2018-12-09 09:56:56,06:36,14:55,90%
2018-12-12 10:06:52,06:39,14:55,90%
2018-12-14 09:56:58,06:41,14:55,90%
2019-01-06 10:06:59,06:48,15:11,90%
2019-01-11 10:06:56,06:46,15:17,90%
2019-01-13 09:57:03,06:45,15:20,90%
2019-01-16 10:07:00,06:43,15:24,90%
2019-01-18 09:57:00,06:42,15:27,90%
2019-01-21 10:06:57,06:39,15:32,90%
2019-01-23 09:57:04,06:37,15:35,90%
2019-02-05 10:07:01,06:20,15:56,90%
2019-02-07 09:57:01,06:17,15:59,90%
2019-02-10 10:06:57,06:12,16:04,90%
2019-02-12 09:57:04,06:09,16:08,90%
2019-02-15 10:07:00,06:04,16:13,90%
2019-02-17 09:57:00,06:00,16:16,90%
2019-02-20 10:06:57,05:55,16:21,90%
2019-02-22 10:08:43,05:51,16:24,90%
2019-02-27 10:10:42,05:41,16:33,90%
2019-03-02 10:21:14,05:35,16:37,90%
2019-03-12 10:15:05,05:15,16:53,90%
2019-03-14 10:12:37,05:11,16:56,90%
2019-03-19 09:58:38,05:00,17:04,90%
2019-03-22 10:09:19,04:54,17:09,90%
2019-03-24 10:12:38,04:49,17:12,90%
2019-03-27 10:09:27,04:43,17:16,90%
2019-03-29 10:01:07,04:39,17:19,90%
2019-04-01 10:11:32,04:32,17:24,90%
2019-04-03 10:04:09,04:28,17:27,90%
2019-04-08 10:12:36,04:18,17:35,90%
2019-04-11 10:08:18,04:11,17:39,90%
2019-04-16 10:15:00,04:01,17:47,90%
2019-04-18 10:01:29,03:57,17:50,90%
2019-04-21 10:23:28,03:52,17:54,90%
2019-04-23 10:00:13,03:48,17:57,90%
2019-04-26 10:23:43,03:42,18:02,90%
2019-05-01 10:07:04,03:33,18:09,90%
2019-05-08 09:57:08,03:22,18:19,90%
2019-05-11 10:07:04,03:17,18:24,90%
2019-05-18 09:57:08,03:07,18:33,90%
2019-05-26 10:07:09,02:59,18:43,90%
2019-05-31 10:07:03,02:54,18:49,90%
2019-06-02 09:57:12,02:53,18:51,90%
2019-06-05 10:07:08,02:51,18:53,90%
2019-06-07 09:57:06,02:50,18:55,90%
2019-06-10 10:07:03,02:49,18:57,90%
2019-06-12 09:57:11,02:48,18:59,90%
2019-06-15 10:07:08,02:48,19:00,90%
2019-06-17 09:57:08,02:48,19:01,90%
2019-06-20 10:07:04,02:48,19:02,90%
2019-06-22 09:57:12,02:48,19:03,90%
2019-06-25 10:07:09,02:49,19:03,90%
2019-06-27 09:57:08,02:50,19:03,90%
2019-06-30 10:07:05,02:52,19:02,90%
2019-07-02 09:57:13,02:53,19:02,90%
2019-07-05 10:07:06,02:55,19:01,90%
2019-07-05 10:07:13,02:55,19:01,90%
2019-07-07 09:57:09,02:57,19:00,90%
2019-07-15 10:07:09,03:04,18:54,90%
2019-07-17 09:57:09,03:06,18:52,90%
2019-07-20 10:07:06,03:10,18:49,90%
2019-07-25 10:07:09,03:16,18:44,90%
2019-07-30 10:07:05,03:23,18:37,90%
2019-08-01 09:57:12,03:25,18:34,90%
2019-08-04 10:07:05,03:29,18:29,90%
2019-08-04 10:07:12,03:29,18:29,90%
2019-08-06 09:57:08,03:32,18:26,90%
2019-08-09 10:07:04,03:36,18:21,90%
2019-08-11 09:57:12,03:39,18:18,90%
2019-08-14 10:07:07,03:43,18:12,90%
2019-08-16 09:57:07,03:46,18:09,90%
2019-08-19 10:07:03,03:51,18:03,90%
2019-08-24 10:07:05,03:58,17:53,90%
2019-08-26 09:57:06,04:01,17:49,90%
2019-08-29 10:07:01,04:05,17:43,90%
2019-08-31 09:57:08,04:08,17:39,90%
2019-09-03 10:07:00,04:12,17:33,90%
2019-09-03 10:07:07,04:12,17:33,90%
2019-09-05 09:57:04,04:15,17:29,90%
2019-09-10 09:57:05,04:22,17:18,90%
2019-09-13 10:07:01,04:27,17:12,90%
2019-09-15 09:57:03,04:29,17:08,90%
2019-09-18 10:07:00,04:34,17:01,90%
2019-09-20 09:57:03,04:37,16:57,90%
2019-09-23 10:07:00,04:41,16:50,90%
2016-09-30 09:50:25,04:53,16:33,100%
2016-10-03 10:00:22,04:57,16:27,100%
2016-10-10 09:55:14,05:08,16:12,100%
2016-10-13 10:00:22,05:12,16:06,100%
2016-10-20 09:50:24,05:23,15:53,100%
2016-10-23 10:00:47,05:28,15:47,100%
2016-10-30 09:51:27,05:39,15:35,100%
2016-11-02 10:01:49,05:44,15:30,100%
2016-11-09 09:52:23,05:55,15:19,100%
2016-11-12 10:03:14,06:00,15:15,100%
2016-11-19 09:53:09,06:11,15:07,100%
2016-11-22 10:03:36,06:16,15:04,100%
2016-11-29 09:53:45,06:25,14:58,100%
2016-12-02 10:03:56,06:29,14:57,100%
2016-12-09 09:55:03,06:37,14:55,100%
2016-12-12 10:04:09,06:40,14:55,100%
2016-12-19 09:54:17,06:45,14:57,100%
2016-12-22 10:06:06,06:47,14:58,100%
2016-12-29 09:55:56,06:49,15:03,100%
2017-01-01 10:04:07,06:49,15:05,100%
2017-01-08 09:53:55,06:48,15:13,100%
2017-01-11 10:03:51,06:46,15:17,100%
2017-01-18 09:53:24,06:42,15:27,100%
2017-01-28 09:55:57,06:31,15:43,100%
2017-01-31 10:02:48,06:27,15:48,100%
2017-02-07 09:51:48,06:17,15:59,100%
2017-02-10 10:01:32,06:12,16:04,100%
2017-02-17 09:50:44,06:00,16:16,100%
2017-02-20 10:06:35,05:55,16:21,100%
2017-02-27 09:56:13,05:41,16:33,100%
2017-03-02 10:00:20,05:35,16:37,100%
2017-03-09 09:50:21,05:21,16:49,100%
2017-03-12 10:04:05,05:15,16:53,100%
2017-03-19 09:50:21,05:00,17:04,100%
2017-03-22 10:00:19,04:54,17:09,100%
2017-03-29 09:50:24,04:39,17:19,100%
2017-04-01 10:00:22,04:32,17:24,100%
2017-04-08 09:50:27,04:18,17:35,100%
2017-04-11 10:00:25,04:11,17:39,100%
2017-04-18 09:50:30,03:57,17:50,100%
2017-04-21 10:05:41,03:52,17:54,100%
2017-04-28 09:50:31,03:38,18:05,100%
2017-05-01 10:00:29,03:33,18:09,100%
2017-05-08 09:56:51,03:22,18:19,100%
2017-05-11 10:05:39,03:17,18:24,100%
2017-05-18 09:50:32,03:07,18:33,100%
2017-05-21 10:00:29,03:04,18:37,100%
2017-05-28 09:55:31,02:57,18:45,100%
2017-05-31 10:05:36,02:54,18:49,100%
2017-06-07 09:50:31,02:50,18:55,100%
2017-06-10 10:00:27,02:49,18:57,100%
2017-06-17 09:55:46,02:48,19:01,100%
2017-06-20 10:04:53,02:48,19:02,100%
2017-06-27 09:56:31,02:50,19:03,100%
2017-06-30 10:00:25,02:52,19:02,100%
2017-07-02 09:50:29,02:53,19:02,100%
2017-07-05 10:00:26,02:55,19:01,100%
2017-07-07 09:52:57,02:57,19:00,100%
2017-07-10 10:05:40,02:59,18:58,100%
2017-07-12 09:56:23,03:01,18:57,100%
2017-07-15 10:00:26,03:04,18:54,100%
2017-07-17 09:56:31,03:06,18:52,100%
2017-07-20 10:00:27,03:10,18:49,100%
2017-07-22 09:55:21,03:12,18:47,100%
2017-07-25 10:05:36,03:16,18:44,100%
2017-07-27 09:54:29,03:19,18:41,100%
2017-07-30 10:05:35,03:23,18:37,100%
2017-08-04 10:06:08,03:29,18:29,100%
2017-08-06 09:50:31,03:32,18:26,100%
2017-08-09 10:00:28,03:36,18:21,100%
2017-08-11 09:55:12,03:39,18:18,100%
2017-08-16 09:50:31,03:46,18:09,100%
2017-08-19 10:04:21,03:51,18:03,100%
2017-08-21 09:54:53,03:53,17:59,100%
2017-08-24 10:00:22,03:58,17:53,100%
2017-08-26 09:50:30,04:01,17:49,100%
2017-08-29 10:00:26,04:05,17:43,100%
2017-08-31 09:50:23,04:08,17:39,100%
2017-09-03 10:04:07,04:12,17:33,100%
2017-09-05 09:50:28,04:15,17:29,100%
2017-09-08 10:03:54,04:19,17:23,100%
2017-09-08 10:06:55,04:19,17:23,100%
2017-09-10 09:50:21,04:22,17:18,100%
2017-09-15 09:50:26,04:29,17:08,100%
2017-09-18 10:00:23,04:34,17:01,100%
2017-09-23 10:05:02,04:41,16:50,100%
2017-09-28 10:06:17,04:48,16:40,100%
2017-09-30 09:50:13,04:51,16:35,100%
2017-10-03 10:02:57,04:56,16:29,100%
2017-10-05 09:50:27,04:59,16:25,100%
2017-10-08 10:03:22,05:03,16:18,100%
2017-10-10 09:51:05,05:06,16:14,100%
2017-10-13 10:00:12,05:11,16:08,100%
2017-10-15 09:53:57,05:14,16:04,100%
2017-10-18 10:02:00,05:19,15:58,100%
2017-10-20 09:52:04,05:22,15:54,100%
2017-10-23 10:04:46,05:26,15:49,100%
2017-10-25 09:50:57,05:30,15:45,100%
2017-10-28 10:01:20,05:34,15:40,100%
2017-10-30 09:55:29,05:38,15:36,100%
2017-11-02 10:01:36,05:42,15:31,100%
2017-11-04 09:53:20,05:46,15:28,100%
2017-11-07 10:05:49,05:51,15:23,100%
2017-11-09 09:53:22,05:54,15:20,100%
2017-11-12 10:02:29,05:59,15:16,100%
2017-11-14 09:52:46,06:02,15:14,100%
2017-11-17 10:03:38,06:06,15:10,100%
2017-11-19 09:54:07,06:10,15:08,100%
2017-11-22 10:06:14,06:14,15:05,100%
2017-11-24 09:53:50,06:17,15:03,100%
2017-11-27 10:03:39,06:21,15:00,100%
2017-11-29 09:53:35,06:24,14:59,100%
2017-12-02 10:03:47,06:28,14:57,100%
2017-12-04 09:55:11,06:31,14:56,100%
2017-12-07 10:04:03,06:34,14:55,100%
2017-12-09 09:53:53,06:36,14:55,100%
2017-12-12 10:04:01,06:39,14:55,100%
2017-12-14 09:54:04,06:41,14:55,100%
2017-12-17 10:05:40,06:43,14:56,100%
2017-12-19 09:54:10,06:45,14:56,100%
2017-12-22 10:04:15,06:47,14:58,100%
2017-12-24 09:56:27,06:47,14:59,100%
2017-12-27 10:04:10,06:48,15:01,100%
2017-12-29 09:53:59,06:49,15:02,100%
2018-01-01 10:04:03,06:49,15:05,100%
2018-01-03 09:54:00,06:49,15:08,100%
2018-01-06 10:04:51,06:48,15:11,100%
2018-01-08 09:53:53,06:48,15:13,100%
2018-01-11 10:03:51,06:46,15:17,100%
2018-01-13 09:54:51,06:45,15:20,100%
2018-01-16 10:04:17,06:43,15:24,100%
2018-01-18 09:54:34,06:42,15:27,100%
2018-01-21 10:05:42,06:39,15:32,100%
2018-01-23 09:53:06,06:37,15:35,100%
2018-01-26 10:02:58,06:34,15:40,100%
2018-01-28 09:54:59,06:31,15:43,100%
2018-01-31 10:02:31,06:27,15:48,100%
2018-02-02 09:54:32,06:24,15:51,100%
2018-02-05 10:05:46,06:20,15:56,100%
2018-02-07 09:53:11,06:17,15:59,100%
2018-02-10 10:01:34,06:12,16:04,100%
2018-02-12 09:53:51,06:09,16:08,100%
2018-02-15 10:05:14,06:04,16:13,100%
2018-02-17 09:51:26,06:00,16:16,100%
2018-02-17 09:56:51,06:00,16:16,100%
2018-02-20 10:05:20,05:55,16:21,100%
2018-02-22 09:50:26,05:51,16:24,100%
2018-02-25 10:04:10,05:45,16:29,100%
2018-02-27 09:50:20,05:41,16:33,100%
2018-03-02 10:02:02,05:35,16:37,100%
2018-03-04 09:56:30,05:31,16:41,100%
2018-03-07 10:00:23,05:25,16:45,100%
2018-03-07 10:06:53,05:25,16:45,100%
2018-03-09 09:50:20,05:21,16:49,100%
2018-03-12 10:00:18,05:15,16:53,100%
2018-03-14 09:53:15,05:11,16:56,100%
2018-03-17 10:01:57,05:04,17:01,100%
2018-03-19 09:56:05,05:00,17:04,100%
2018-03-22 10:02:33,04:54,17:09,100%
2018-03-24 09:55:37,04:49,17:12,100%
2018-03-27 10:00:25,04:43,17:16,100%
2018-03-29 09:54:16,04:39,17:19,100%
2018-04-01 10:00:22,04:32,17:24,100%
2018-04-03 09:52:42,04:28,17:27,100%
2018-04-06 10:02:43,04:22,17:32,100%
2018-04-08 09:52:39,04:18,17:35,100%
2018-04-11 10:00:24,04:11,17:39,100%
2018-04-13 09:56:34,04:07,17:42,100%
2018-04-16 10:00:28,04:01,17:47,100%
2018-04-18 09:50:27,03:57,17:50,100%
2018-04-21 10:04:27,03:52,17:54,100%
2018-04-23 09:54:54,03:48,17:57,100%
2018-04-26 10:01:55,03:42,18:02,100%
2018-04-28 09:50:28,03:38,18:05,100%
2018-05-01 10:00:25,03:33,18:09,100%
2018-05-03 09:56:44,03:30,18:12,100%
2018-05-06 10:02:14,03:25,18:17,100%
2018-05-08 09:50:28,03:22,18:19,100%
2018-05-11 10:00:25,03:17,18:24,100%
2018-05-13 09:51:26,03:14,18:26,100%
2018-05-16 10:00:29,03:10,18:31,100%
2018-05-18 09:52:08,03:07,18:33,100%
2018-05-21 10:06:28,03:04,18:37,100%
2018-05-23 09:55:27,03:02,18:40,100%
2018-05-26 10:05:53,02:59,18:43,100%
2018-05-31 10:04:10,02:54,18:49,100%
2018-06-02 09:53:34,02:53,18:51,100%
2018-06-05 10:06:10,02:51,18:53,100%
2018-06-07 09:54:21,02:50,18:55,100%
2018-06-10 10:05:34,02:49,18:57,100%
2018-06-12 09:56:54,02:48,18:59,100%
2018-06-15 10:05:22,02:48,19:00,100%
2018-06-17 09:50:28,02:48,19:01,100%
2018-06-20 10:06:26,02:48,19:02,100%
2018-06-22 09:54:38,02:48,19:03,100%
2018-06-25 10:05:23,02:49,19:03,100%
2018-06-27 09:55:31,02:50,19:03,100%
2018-06-30 10:06:40,02:52,19:02,100%
2018-07-02 09:53:45,02:53,19:02,100%
2018-07-05 10:05:08,02:55,19:01,100%
2018-07-07 09:51:40,02:57,19:00,100%
2018-07-10 10:00:25,02:59,18:58,100%
2018-07-12 09:50:30,03:01,18:57,100%
2018-07-15 10:00:28,03:04,18:54,100%
2018-07-17 09:54:03,03:06,18:52,100%
2018-07-20 10:02:41,03:10,18:49,100%
2018-07-22 09:53:45,03:12,18:47,100%
2018-07-25 10:01:32,03:16,18:44,100%
2018-07-27 09:52:47,03:19,18:41,100%
2018-07-30 10:00:37,03:23,18:37,100%
2018-08-01 09:54:03,03:25,18:34,100%
2018-08-04 10:00:27,03:29,18:29,100%
2018-08-06 09:52:49,03:32,18:26,100%
2018-08-09 10:00:21,03:36,18:21,100%
2018-08-11 09:56:12,03:39,18:18,100%
2018-08-14 10:00:26,03:43,18:12,100%
2018-08-16 09:54:21,03:46,18:09,100%
2018-08-19 10:03:23,03:51,18:03,100%
2018-08-21 09:53:39,03:53,17:59,100%
2018-08-24 10:01:41,03:58,17:53,100%
2018-08-26 09:55:13,04:01,17:49,100%
2018-08-29 10:00:17,04:05,17:43,100%
2018-08-31 09:53:56,04:08,17:39,100%
2018-09-03 10:06:32,04:12,17:33,100%
2018-09-05 09:50:20,04:15,17:29,100%
2018-09-08 10:00:17,04:19,17:23,100%
2018-09-10 09:50:26,04:22,17:18,100%
2018-09-13 10:00:23,04:27,17:12,100%
2018-09-15 09:50:20,04:29,17:08,100%
2018-09-18 10:05:17,04:34,17:01,100%
2018-09-20 09:53:28,04:37,16:57,100%
2018-09-23 10:03:48,04:41,16:50,100%
2018-09-25 09:55:55,04:44,16:46,100%
2018-09-28 10:00:24,04:48,16:40,100%
2018-09-30 09:50:25,04:51,16:35,100%
2018-10-03 10:00:23,04:56,16:29,100%
2018-10-05 09:50:25,04:59,16:25,100%
2018-10-08 10:00:40,05:03,16:18,100%
2018-10-10 09:52:36,05:06,16:14,100%
2018-10-13 10:00:23,05:11,16:08,100%
2018-10-15 09:53:37,05:14,16:04,100%
2018-10-18 10:02:15,05:19,15:58,100%
2018-10-20 09:53:48,05:22,15:54,100%
2018-10-23 10:01:59,05:26,15:49,100%
2018-10-25 09:55:14,05:30,15:45,100%
2018-10-28 10:01:17,05:34,15:40,100%
2018-10-30 09:53:51,05:38,15:36,100%
2018-11-02 10:01:45,05:42,15:31,100%
2018-11-04 09:52:33,05:46,15:28,100%
2018-11-07 10:06:58,05:51,15:23,100%
2018-11-09 09:56:59,05:54,15:20,100%
2018-11-12 10:06:55,05:59,15:16,100%
2018-11-14 09:57:01,06:02,15:14,100%
2018-11-17 10:06:58,06:06,15:10,100%
2018-11-19 09:56:57,06:10,15:08,100%
2018-11-22 10:06:53,06:14,15:05,100%
2018-11-24 09:57:01,06:17,15:03,100%
2018-11-27 10:06:57,06:21,15:00,100%
2018-11-29 09:56:55,06:24,14:59,100%
2018-12-02 10:06:52,06:28,14:57,100%
2018-12-04 09:56:59,06:31,14:56,100%
2018-12-07 10:06:55,06:34,14:55,100%
2018-12-09 09:56:56,06:36,14:55,100%
2018-12-12 10:06:52,06:39,14:55,100%
2018-12-14 09:56:58,06:41,14:55,100%
2018-12-17 10:06:55,06:43,14:56,100%
2018-12-19 09:56:55,06:45,14:56,100%
2018-12-22 10:06:52,06:47,14:58,100%
2018-12-24 09:57:00,06:47,14:59,100%
2018-12-27 10:06:57,06:48,15:01,100%
2018-12-29 09:56:57,06:49,15:02,100%
2019-01-01 10:06:54,06:49,15:05,100%
2019-01-03 09:57:02,06:49,15:08,100%
2019-01-06 10:06:59,06:48,15:11,100%
2019-01-08 09:56:59,06:48,15:13,100%
2019-01-11 10:06:56,06:46,15:17,100%
2019-01-13 09:57:03,06:45,15:20,100%
2019-01-16 10:07:00,06:43,15:24,100%
2019-01-18 09:57:00,06:42,15:27,100%
2019-01-21 10:06:57,06:39,15:32,100%
2019-01-23 09:57:04,06:37,15:35,100%
2019-01-26 10:07:01,06:34,15:40,100%
2019-01-28 09:57:01,06:31,15:43,100%
2019-01-31 10:06:57,06:27,15:48,100%
2019-02-02 09:57:04,06:24,15:51,100%
2019-02-05 10:07:01,06:20,15:56,100%
2019-02-07 09:57:01,06:17,15:59,100%
2019-02-10 10:06:57,06:12,16:04,100%
2019-02-12 09:57:04,06:09,16:08,100%
2019-02-15 10:07:00,06:04,16:13,100%
2019-02-17 09:57:00,06:00,16:16,100%
2019-02-20 10:06:57,05:55,16:21,100%
2019-02-22 10:08:43,05:51,16:24,100%
2019-02-25 10:19:36,05:45,16:29,100%
2019-02-27 10:10:42,05:41,16:33,100%
2019-03-02 10:21:14,05:35,16:37,100%
2019-03-04 10:02:58,05:31,16:41,100%
2019-03-07 10:07:36,05:25,16:45,100%
2019-03-09 09:59:59,05:21,16:49,100%
2019-03-12 10:15:05,05:15,16:53,100%
2019-03-14 10:12:37,05:11,16:56,100%
2019-03-17 10:12:19,05:04,17:01,100%
2019-03-19 09:58:38,05:00,17:04,100%
2019-03-22 10:09:19,04:54,17:09,100%
2019-03-24 10:12:38,04:49,17:12,100%
2019-03-27 10:09:27,04:43,17:16,100%
2019-03-29 10:01:07,04:39,17:19,100%
2019-04-01 10:11:32,04:32,17:24,100%
2019-04-03 10:04:09,04:28,17:27,100%
2019-04-06 10:15:20,04:22,17:32,100%
2019-04-08 10:12:36,04:18,17:35,100%
2019-04-11 10:08:18,04:11,17:39,100%
2019-04-13 10:05:22,04:07,17:42,100%
2019-04-16 10:15:00,04:01,17:47,100%
2019-04-18 10:01:29,03:57,17:50,100%
2019-04-21 10:23:28,03:52,17:54,100%
2019-04-23 10:00:13,03:48,17:57,100%
2019-04-26 10:23:43,03:42,18:02,100%
2019-04-28 09:57:08,03:38,18:05,100%
2019-05-01 10:07:04,03:33,18:09,100%
2019-05-03 09:57:12,03:30,18:12,100%
2019-05-06 10:07:09,03:25,18:17,100%
2019-05-08 09:57:08,03:22,18:19,100%
2019-05-11 10:07:04,03:17,18:24,100%
2019-05-13 09:57:13,03:14,18:26,100%
2019-05-16 10:07:09,03:10,18:31,100%
2019-05-18 09:57:08,03:07,18:33,100%
2019-05-21 10:07:04,03:04,18:37,100%
2019-05-23 09:57:13,03:02,18:40,100%
2019-05-26 10:07:09,02:59,18:43,100%
2019-05-28 09:57:07,02:57,18:45,100%
2019-05-31 10:07:03,02:54,18:49,100%
2019-06-02 09:57:12,02:53,18:51,100%
2019-06-05 10:07:08,02:51,18:53,100%
2019-06-07 09:57:06,02:50,18:55,100%
2019-06-10 10:07:03,02:49,18:57,100%
2019-06-12 09:57:11,02:48,18:59,100%
2019-06-15 10:07:08,02:48,19:00,100%
2019-06-17 09:57:08,02:48,19:01,100%
2019-06-20 10:07:04,02:48,19:02,100%
2019-06-22 09:57:12,02:48,19:03,100%
2019-06-25 10:07:09,02:49,19:03,100%
2019-06-27 09:57:08,02:50,19:03,100%
2019-06-30 10:07:05,02:52,19:02,100%
2019-07-02 09:57:13,02:53,19:02,100%
2019-07-05 10:07:06,02:55,19:01,100%
2019-07-05 10:07:13,02:55,19:01,100%
2019-07-07 09:57:09,02:57,19:00,100%
2019-07-12 09:57:13,03:01,18:57,100%
2019-07-15 10:07:09,03:04,18:54,100%
2019-07-17 09:57:09,03:06,18:52,100%
2019-07-20 10:07:06,03:10,18:49,100%
2019-07-22 09:57:13,03:12,18:47,100%
2019-07-25 10:07:09,03:16,18:44,100%
2019-07-27 09:57:09,03:19,18:41,100%
2019-07-30 10:07:05,03:23,18:37,100%
2019-08-01 09:57:12,03:25,18:34,100%
2019-08-04 10:07:05,03:29,18:29,100%
2019-08-04 10:07:12,03:29,18:29,100%
2019-08-06 09:57:08,03:32,18:26,100%
2019-08-09 10:07:04,03:36,18:21,100%
2019-08-11 09:57:12,03:39,18:18,100%
2019-08-14 10:07:07,03:43,18:12,100%
2019-08-16 09:57:07,03:46,18:09,100%
2019-08-19 10:07:03,03:51,18:03,100%
2019-08-21 09:57:09,03:53,17:59,100%
2019-08-24 10:07:05,03:58,17:53,100%
2019-08-26 09:57:06,04:01,17:49,100%
2019-08-29 10:07:01,04:05,17:43,100%
2019-08-31 09:57:08,04:08,17:39,100%
2019-09-03 10:07:00,04:12,17:33,100%
2019-09-03 10:07:07,04:12,17:33,100%
2019-09-05 09:57:04,04:15,17:29,100%
2019-09-08 10:06:59,04:19,17:23,100%
2019-09-10 09:57:05,04:22,17:18,100%
2019-09-13 10:07:01,04:27,17:12,100%
2019-09-15 09:57:03,04:29,17:08,100%
2019-09-18 10:07:00,04:34,17:01,100%
2019-09-20 09:57:03,04:37,16:57,100%
2019-09-23 10:07:00,04:41,16:50,100%
2019-09-25 09:57:05,04:44,16:46,100%
2019-09-28 10:07:02,04:48,16:40,100%
